Main Category 1,Main Category 2,Item,Sub Category 1,Sub Category 2,Sub Category 3,Unit,Quantity
Substructure,Foundation,Column Base,35,,,m3,5219
Substructure,Foundation,Column Base,35,,,m3,9917.16
Substructure,Foundation,Column Base,35,,,m3,7963
Substructure,Foundation,Column Base,35,,,m3,3987
Substructure,Foundation,Column Base,35,,,m3,1921.8
Substructure,Foundation,Column Base,35,,,m3,1861.9
Substructure,Foundation,Column Base,35,,,m3,2121.504
Substructure,Foundation,Column Base,35,,,m3,797.609
Substructure,Foundation,Column Base,35,,,m3,8293.13
Substructure,Foundation,Column Base,35,,,m3,2872.45
Substructure,Foundation,Column Base,35,,,m3,4175
Substructure,Foundation,Column Base,35,,,m3,1907.07
Substructure,Foundation,Column Base,35,,,m3,8140.53
Substructure,Foundation,Column Base,G30,,,m3,9697.9
Substructure,Foundation,Column Base,G30,,,m3,5914.941
Substructure,Foundation,Column Base,G30,,,m3,2407
Substructure,Foundation,Column Base,G30,,,m3,261.797
Substructure,Foundation,Column Base,G30,,,m3,470.12
Substructure,Foundation,Column Base,G30,,,m3,9308.7
Substructure,Foundation,Column Base,G30,,,m3,3344
Substructure,Foundation,Column Base,G30,,,m3,7992
Substructure,Foundation,Column Base,G30,,,m3,6785.169
Substructure,Foundation,Column Base,G30,,,m3,766.7
Substructure,Foundation,Column Base,G30,,,m3,9332.4
Substructure,Foundation,Column Base,G30,,,m3,4854.34
Substructure,Foundation,Column Base,G40,,,m3,6563.6
Substructure,Foundation,Column Base,G40,,,m3,5738
Substructure,Foundation,Column Base,G40,,,m3,985.14
Substructure,Foundation,Column Base,G40,,,m3,2211.25
Substructure,Foundation,Column Base,G40,,,m3,6588.02
Substructure,Foundation,Column Base,G40,,,m3,2875.3
Substructure,Foundation,Column Base,G40,,,m3,8922
Substructure,Foundation,Column Base,G40,,,m3,8584.464
Substructure,Foundation,Column Base,G40,,,m3,8373.8
Substructure,Foundation,Column Base,G40,,,m3,2271
Substructure,Foundation,Column Base,G40,,,m3,2097.98
Substructure,Foundation,Column Base,G40,,,m3,6715.4
Substructure,Foundation,Column Base,G40,,,m3,3856.5
Substructure,Foundation,Column Base,G40,,,m3,3591.169
Substructure,Foundation,Column Base,G40,,,m3,8926
Substructure,Foundation,Pile Cap,35,,,m3,7498.24
Substructure,Foundation,Pile Cap,35,,,m3,4332
Substructure,Foundation,Pile Cap,35,,,m3,7577.5
Substructure,Foundation,Pile Cap,35,,,m3,5574
Substructure,Foundation,Pile Cap,35,,,m3,2739.01
Substructure,Foundation,Pile Cap,35,,,m3,6818.875
Substructure,Foundation,Pile Cap,35,,,m3,5615.8
Substructure,Foundation,Pile Cap,35,,,m3,6579.075
Substructure,Foundation,Pile Cap,35,,,m3,1204.9
Substructure,Foundation,Pile Cap,35,,,m3,6514.916
Substructure,Foundation,Pile Cap,G30,,,m3,1088.01
Substructure,Foundation,Pile Cap,G30,,,m3,3480.37
Substructure,Foundation,Pile Cap,G30,,,m3,1068.72
Substructure,Foundation,Pile Cap,G30,,,m3,6620.8
Substructure,Foundation,Pile Cap,G30,,,m3,6996.22
Substructure,Foundation,Pile Cap,G30,,,m3,610.08
Substructure,Foundation,Pile Cap,G30,,,m3,7798
Substructure,Foundation,Pile Cap,G30,,,m3,1442.574
Substructure,Foundation,Pile Cap,G30,,,m3,9415.03
Substructure,Foundation,Pile Cap,G40,,,m3,6029.05
Substructure,Foundation,Pile Cap,G40,,,m3,3341
Substructure,Foundation,Pile Cap,G40,,,m3,4450
Substructure,Foundation,Pile Cap,G40,,,m3,435.99
Substructure,Foundation,Pile Cap,G40,,,m3,4138.084
Substructure,Foundation,Pile Cap,G40,,,m3,7649.3
Substructure,Foundation,Pile Cap,G40,,,m3,4094
Substructure,Foundation,Pile Cap,G40,,,m3,1289
Substructure,Foundation,Pile Cap,G40,,,m3,9946.8
Substructure,Foundation,Pile Cap,G40,,,m3,2796.38
Substructure,Foundation,Raft Footing,35,,,m3,1956.185
Substructure,Foundation,Raft Footing,35,,,m3,8384.7
Substructure,Foundation,Raft Footing,35,,,m3,973.8
Substructure,Foundation,Raft Footing,35,,,m3,9652.82
Substructure,Foundation,Raft Footing,35,,,m3,2151.6
Substructure,Foundation,Raft Footing,35,,,m3,2579.753
Substructure,Foundation,Raft Footing,35,,,m3,4392.2
Substructure,Foundation,Raft Footing,35,,,m3,9890.664
Substructure,Foundation,Raft Footing,35,,,m3,96.496
Substructure,Foundation,Raft Footing,35,,,m3,9905.751
Substructure,Foundation,Raft Footing,35,,,m3,2399.02
Substructure,Foundation,Raft Footing,G30,,,m3,8038
Substructure,Foundation,Raft Footing,G30,,,m3,8088.929
Substructure,Foundation,Raft Footing,G30,,,m3,3187
Substructure,Foundation,Raft Footing,G30,,,m3,1998.545
Substructure,Foundation,Raft Footing,G30,,,m3,5004.06
Substructure,Foundation,Raft Footing,G30,,,m3,2315
Substructure,Foundation,Raft Footing,G30,,,m3,5197
Substructure,Foundation,Raft Footing,G30,,,m3,1100.687
Substructure,Foundation,Raft Footing,G30,,,m3,4920.402
Substructure,Foundation,Raft Footing,G30,,,m3,6227.13
Substructure,Foundation,Raft Footing,G30,,,m3,7113.1
Substructure,Foundation,Raft Footing,G40,,,m3,5980.797
Substructure,Foundation,Raft Footing,G40,,,m3,9070.6
Substructure,Foundation,Raft Footing,G40,,,m3,1548.03
Substructure,Foundation,Raft Footing,G40,,,m3,874
Substructure,Foundation,Raft Footing,G40,,,m3,1380
Substructure,Foundation,Raft Footing,G40,,,m3,3137.1
Substructure,Foundation,Raft Footing,G40,,,m3,3610.723
Substructure,Foundation,Raft Footing,G40,,,m3,7306.48
Substructure,Foundation,Raft Footing,G40,,,m3,1480.95
Substructure,Foundation,Raft Footing,G40,,,m3,5198
Substructure,Foundation,Raft Footing,G40,,,m3,3720.487
Substructure,Foundation,Raft Footing,G40,,,m3,1786.24
Substructure,Foundation,Substrcture Slab,35,,,m3,148.817
Substructure,Foundation,Substrcture Slab,35,,,m3,8809
Substructure,Foundation,Substrcture Slab,35,,,m3,4516.431
Substructure,Foundation,Substrcture Slab,35,,,m3,1305.2
Substructure,Foundation,Substrcture Slab,35,,,m3,9258.312
Substructure,Foundation,Substrcture Slab,35,,,m3,4121.02
Substructure,Foundation,Substrcture Slab,35,,,m3,8568
Substructure,Foundation,Substrcture Slab,35,,,m3,478.01
Substructure,Foundation,Substrcture Slab,35,,,m3,1000.7
Substructure,Foundation,Substrcture Slab,35,,,m3,4098.9
Substructure,Foundation,Substrcture Slab,G30,,,m3,8597.2
Substructure,Foundation,Substrcture Slab,G30,,,m3,7207.64
Substructure,Foundation,Substrcture Slab,G30,,,m3,9280.6
Substructure,Foundation,Substrcture Slab,G30,,,m3,4798
Substructure,Foundation,Substrcture Slab,G30,,,m3,3891.03
Substructure,Foundation,Substrcture Slab,G30,,,m3,9979
Substructure,Foundation,Substrcture Slab,G40,,,m3,6010.136
Substructure,Foundation,Substrcture Slab,G40,,,m3,1907
Substructure,Foundation,Substrcture Slab,G40,,,m3,7781.939
Substructure,Foundation,Substrcture Slab,G40,,,m3,7636.9
Substructure,Foundation,Substrcture Slab,G40,,,m3,6361.1
Substructure,Foundation,Substrcture Slab,G40,,,m3,6743.66
Substructure,Foundation,Substrcture Slab,G40,,,m3,7555
Substructure,Foundation,Substrcture Slab,G40,,,m3,3559.025
Substructure,Foundation,Substrcture Slab,G40,,,m3,8216.647
Substructure,Foundation,Substructure Beam,35,,,m3,5181
Substructure,Foundation,Substructure Beam,35,,,m3,3962.85
Substructure,Foundation,Substructure Beam,35,,,m3,9514.6
Substructure,Foundation,Substructure Beam,35,,,m3,6893.501
Substructure,Foundation,Substructure Beam,35,,,m3,8695
Substructure,Foundation,Substructure Beam,35,,,m3,8645.5
Substructure,Foundation,Substructure Beam,35,,,m3,9317.016
Substructure,Foundation,Substructure Beam,35,,,m3,1051.057
Substructure,Foundation,Substructure Beam,35,,,m3,8626
Substructure,Foundation,Substructure Beam,35,,,m3,9906
Substructure,Foundation,Substructure Beam,35,,,m3,9137
Substructure,Foundation,Substructure Beam,35,,,m3,8292.3
Substructure,Foundation,Substructure Beam,G30,,,m3,7346.5
Substructure,Foundation,Substructure Beam,G30,,,m3,209.1
Substructure,Foundation,Substructure Beam,G30,,,m3,5487.9
Substructure,Foundation,Substructure Beam,G30,,,m3,5352.477
Substructure,Foundation,Substructure Beam,G40,,,m3,8713.4
Substructure,Foundation,Substructure Beam,G40,,,m3,9556.503
Substructure,Foundation,Substructure Beam,G40,,,m3,3628.6
Substructure,Foundation,Substructure Beam,G40,,,m3,5760.7
Substructure,Foundation,Substructure Beam,G40,,,m3,4814
Substructure,Foundation,Substructure Beam,G40,,,m3,5547.604
Substructure,Foundation,Substructure Beam,G40,,,m3,7214.339
Substructure,Foundation,Substructure Column,35,,,m3,1497
Substructure,Foundation,Substructure Column,35,,,m3,3878.5
Substructure,Foundation,Substructure Column,35,,,m3,3761
Substructure,Foundation,Substructure Column,35,,,m3,5002
Substructure,Foundation,Substructure Column,35,,,m3,3700
Substructure,Foundation,Substructure Column,35,,,m3,587.719
Substructure,Foundation,Substructure Column,35,,,m3,6013
Substructure,Foundation,Substructure Column,35,,,m3,6862
Substructure,Foundation,Substructure Column,35,,,m3,5707.849
Substructure,Foundation,Substructure Column,35,,,m3,708.7
Substructure,Foundation,Substructure Column,35,,,m3,985
Substructure,Foundation,Substructure Column,35,,,m3,1329
Substructure,Foundation,Substructure Column,35,,,m3,4985
Substructure,Foundation,Substructure Column,35,,,m3,563.35
Substructure,Foundation,Substructure Column,35,,,m3,5386.6
Substructure,Foundation,Substructure Column,35,,,m3,2460.7
Substructure,Foundation,Substructure Column,35,,,m3,2501.115
Substructure,Foundation,Substructure Column,G30,,,m3,799.71
Substructure,Foundation,Substructure Column,G30,,,m3,7404.55
Substructure,Foundation,Substructure Column,G30,,,m3,553
Substructure,Foundation,Substructure Column,G30,,,m3,5042
Substructure,Foundation,Substructure Column,G30,,,m3,5010.7
Substructure,Foundation,Substructure Column,G30,,,m3,3968.608
Substructure,Foundation,Substructure Column,G30,,,m3,7120.4
Substructure,Foundation,Substructure Column,G30,,,m3,9655.5
Substructure,Foundation,Substructure Column,G30,,,m3,7474.4
Substructure,Foundation,Substructure Column,G30,,,m3,7034.94
Substructure,Foundation,Substructure Column,G30,,,m3,2767.63
Substructure,Foundation,Substructure Column,G30,,,m3,5723.89
Substructure,Foundation,Substructure Column,G30,,,m3,467
Substructure,Foundation,Substructure Column,G30,,,m3,172
Substructure,Foundation,Substructure Column,G30,,,m3,2186.98
Substructure,Foundation,Substructure Column,G30,,,m3,8378
Substructure,Foundation,Substructure Column,G30,,,m3,5214
Substructure,Foundation,Substructure Column,G40,,,m3,4347
Substructure,Foundation,Substructure Column,G40,,,m3,8861.2
Substructure,Foundation,Substructure Column,G40,,,m3,8819.1
Substructure,Foundation,Substructure Column,G40,,,m3,7588.98
Substructure,Foundation,Substructure Column,G40,,,m3,5999
Substructure,Foundation,Substructure Column,G40,,,m3,9270.16
Substructure,Foundation,Substructure Column,G40,,,m3,5273.661
Substructure,Foundation,Substructure Column,G40,,,m3,8831.314
Substructure,Foundation,Substructure Column,G40,,,m3,9847
Substructure,Foundation,Substructure Column,G40,,,m3,4214.5
Substructure,Foundation,Substructure Column,G40,,,m3,116.5
Substructure,Foundation,Substructure Column,G40,,,m3,6467.7
Substructure,Foundation,Substructure Column,G40,,,m3,2965
Substructure,Foundation,Substructure Column,G40,,,m3,2900.01
Substructure,Foundation,Substructure Column,G40,,,m3,2501.1
Substructure,Foundation,Substructure Wall,35,,,m3,5819.091
Substructure,Foundation,Substructure Wall,35,,,m3,9118.7
Substructure,Foundation,Substructure Wall,35,,,m3,7695
Substructure,Foundation,Substructure Wall,35,,,m3,2704
Substructure,Foundation,Substructure Wall,35,,,m3,4181
Substructure,Foundation,Substructure Wall,35,,,m3,3551
Substructure,Foundation,Substructure Wall,35,,,m3,7373.4
Substructure,Foundation,Substructure Wall,G30,,,m3,3261
Substructure,Foundation,Substructure Wall,G30,,,m3,8428.624
Substructure,Foundation,Substructure Wall,G30,,,m3,3928.907
Substructure,Foundation,Substructure Wall,G30,,,m3,4276.3
Substructure,Foundation,Substructure Wall,G30,,,m3,5104.6
Substructure,Foundation,Substructure Wall,G30,,,m3,2217.773
Substructure,Foundation,Substructure Wall,G30,,,m3,4242.4
Substructure,Foundation,Substructure Wall,G30,,,m3,8664.64
Substructure,Foundation,Substructure Wall,G30,,,m3,1050.57
Substructure,Foundation,Substructure Wall,G30,,,m3,4639
Substructure,Foundation,Substructure Wall,G30,,,m3,661.45
Substructure,Foundation,Substructure Wall,G30,,,m3,3850.409
Substructure,Foundation,Substructure Wall,G40,,,m3,3202.674
Substructure,Foundation,Substructure Wall,G40,,,m3,4065
Substructure,Foundation,Substructure Wall,G40,,,m3,5351
Substructure,Foundation,Substructure Wall,G40,,,m3,8895
Substructure,Foundation,Substructure Wall,G40,,,m3,1263
Substructure,Foundation,Substructure Wall,G40,,,m3,2190.6
Substructure,Foundation,Substructure Wall,G40,,,m3,5269
Substructure,Foundation,Substructure Wall,G40,,,m3,3456.5
Substructure,Foundation,Substructure Wall,G40,,,m3,515
Substructure,Foundation,Substructure Wall,G40,,,m3,8264
Substructure,Foundation,Substructure Wall,G40,,,m3,2643.1
Substructure,Foundation,Substructure Wall,G40,,,m3,6193.324
Substructure,Foundation,Wall Footing,35,,,m3,6223.9
Substructure,Foundation,Wall Footing,35,,,m3,6450.5
Substructure,Foundation,Wall Footing,35,,,m3,2067.22
Substructure,Foundation,Wall Footing,35,,,m3,4145.7
Substructure,Foundation,Wall Footing,35,,,m3,9169
Substructure,Foundation,Wall Footing,35,,,m3,4831.5
Substructure,Foundation,Wall Footing,35,,,m3,735
Substructure,Foundation,Wall Footing,G30,,,m3,2057.7
Substructure,Foundation,Wall Footing,G30,,,m3,8277.53
Substructure,Foundation,Wall Footing,G30,,,m3,9229.4
Substructure,Foundation,Wall Footing,G30,,,m3,5305.52
Substructure,Foundation,Wall Footing,G30,,,m3,4401.8
Substructure,Foundation,Wall Footing,G30,,,m3,4963
Substructure,Foundation,Wall Footing,G30,,,m3,2786.53
Substructure,Foundation,Wall Footing,G30,,,m3,4997.01
Substructure,Foundation,Wall Footing,G30,,,m3,6330
Substructure,Foundation,Wall Footing,G30,,,m3,9066.7
Substructure,Foundation,Wall Footing,G30,,,m3,2346.15
Substructure,Foundation,Wall Footing,G30,,,m3,5154.048
Substructure,Foundation,Wall Footing,G30,,,m3,7246
Substructure,Foundation,Wall Footing,G40,,,m3,1628.512
Substructure,Foundation,Wall Footing,G40,,,m3,3555
Substructure,Foundation,Wall Footing,G40,,,m3,524.87
Substructure,Foundation,Wall Footing,G40,,,m3,9345
Substructure,Foundation,Wall Footing,G40,,,m3,6514.2
Substructure,Foundation,Wall Footing,G40,,,m3,4709.99
Substructure,Foundation,Wall Footing,G40,,,m3,7211.665
Substructure,Foundation,Wall Footing,G40,,,m3,2126.557
Substructure,Foundation,Wall Footing,G40,,,m3,9140.2
Substructure,Foundation,Wall Footing,G40,,,m3,2356
Substructure,Foundation,Wall Footing,G40,,,m3,4875.83
Substructure,Piling,Permamnent Pile,Bored Pile,35,200 mm,Nos,2704
Substructure,Piling,Permamnent Pile,Bored Pile,35,200 mm,Nos,5585.662
Substructure,Piling,Permamnent Pile,Bored Pile,35,200 mm,Nos,9408.38
Substructure,Piling,Permamnent Pile,Bored Pile,G30,200 mm,Nos,4689.75
Substructure,Piling,Permamnent Pile,Bored Pile,G40,200 mm,Nos,5977.484
Substructure,Piling,Permamnent Pile,Bored Pile,35,200 mm,Nos,5612.167
Substructure,Piling,Permamnent Pile,Bored Pile,G30,200 mm,Nos,9230.378
Substructure,Piling,Permamnent Pile,Bored Pile,G30,200 mm,Nos,7306.936
Substructure,Piling,Permamnent Pile,Bored Pile,G40,200 mm,Nos,7170.44
Substructure,Piling,Permamnent Pile,Bored Pile,G40,200 mm,Nos,843.675
Substructure,Piling,Permamnent Pile,Bored Pile,G30,200 mm,Nos,8381
Substructure,Piling,Permamnent Pile,Bored Pile,G40,200 mm,Nos,3231.18
Substructure,Piling,Permamnent Pile,Bored Pile,G40,200 mm,Nos,6211.598
Substructure,Piling,Permamnent Pile,Bored Pile,G40,200 mm,Nos,1862.4
Substructure,Piling,Permamnent Pile,Bored Pile,35,200 mm,Nos,1853.6
Substructure,Piling,Permamnent Pile,Bored Pile,35,200 mm,Nos,3343.79
Substructure,Piling,Permamnent Pile,Bored Pile,35,200 mm,Nos,4648
Substructure,Piling,Permamnent Pile,Bored Pile,35,200 mm,Nos,6490.4
Substructure,Piling,Permamnent Pile,Bored Pile,G40,200 mm,Nos,9191.72
Substructure,Piling,Permamnent Pile,Bored Pile,G40,200 mm,Nos,1691
Substructure,Piling,Permamnent Pile,Bored Pile,G30,200 mm,Nos,5413.54
Substructure,Piling,Permamnent Pile,Bored Pile,35,200 mm,Nos,1864.3
Substructure,Piling,Permamnent Pile,Bored Pile,G40,200 mm,Nos,1400.2
Substructure,Piling,Permamnent Pile,Bored Pile,G30,200 mm,Nos,5530.89
Substructure,Piling,Permamnent Pile,Bored Pile,G30,200 mm,Nos,1781.2
Substructure,Piling,Permamnent Pile,Bored Pile,35,200 mm,Nos,9402
Substructure,Piling,Permamnent Pile,Bored Pile,G30,200 mm,Nos,2787.6
Substructure,Piling,Permamnent Pile,Bored Pile,G40,200 mm,Nos,1532.4
Substructure,Piling,Permamnent Pile,Bored Pile,35,350mm,Nos,1413.165
Substructure,Piling,Permamnent Pile,Bored Pile,35,350mm,Nos,6384
Substructure,Piling,Permamnent Pile,Bored Pile,G40,350mm,Nos,663
Substructure,Piling,Permamnent Pile,Bored Pile,G30,350mm,Nos,2441
Substructure,Piling,Permamnent Pile,Bored Pile,G30,350mm,Nos,3273.271
Substructure,Piling,Permamnent Pile,Bored Pile,35,350mm,Nos,5139.628
Substructure,Piling,Permamnent Pile,Bored Pile,G30,350mm,Nos,7241
Substructure,Piling,Permamnent Pile,Bored Pile,G40,350mm,Nos,7105
Substructure,Piling,Permamnent Pile,Bored Pile,35,350mm,Nos,2249.375
Substructure,Piling,Permamnent Pile,Bored Pile,35,350mm,Nos,7406.36
Substructure,Piling,Permamnent Pile,Bored Pile,G40,350mm,Nos,7783
Substructure,Piling,Permamnent Pile,Bored Pile,35,350mm,Nos,8369
Substructure,Piling,Permamnent Pile,Bored Pile,G40,350mm,Nos,4030
Substructure,Piling,Permamnent Pile,Bored Pile,G30,350mm,Nos,3945
Substructure,Piling,Permamnent Pile,Bored Pile,G40,350mm,Nos,8875.766
Substructure,Piling,Permamnent Pile,Bored Pile,G40,350mm,Nos,289.463
Substructure,Piling,Permamnent Pile,Bored Pile,G40,350mm,Nos,1747.49
Substructure,Piling,Permamnent Pile,Bored Pile,G40,350mm,Nos,1585.52
Substructure,Piling,Permamnent Pile,Bored Pile,G40,350mm,Nos,5937.62
Substructure,Piling,Permamnent Pile,Bored Pile,G40,350mm,Nos,9268
Substructure,Piling,Permamnent Pile,Bored Pile,G30,350mm,Nos,6370.6
Substructure,Piling,Permamnent Pile,Bored Pile,35,350mm,Nos,8941.8
Substructure,Piling,Permamnent Pile,Bored Pile,G40,350mm,Nos,740.9
Substructure,Piling,Permamnent Pile,Bored Pile,G30,350mm,Nos,9354.39
Substructure,Piling,Permamnent Pile,Bored Pile,G30,350mm,Nos,2496
Substructure,Piling,Permamnent Pile,Bored Pile,G30,350mm,Nos,9115.2
Substructure,Piling,Permamnent Pile,Bored Pile,35,400,Nos,9839
Substructure,Piling,Permamnent Pile,Bored Pile,G30,400,Nos,9209.86
Substructure,Piling,Permamnent Pile,Bored Pile,G30,400,Nos,1767.84
Substructure,Piling,Permamnent Pile,Bored Pile,G30,400,Nos,8372.17
Substructure,Piling,Permamnent Pile,Bored Pile,35,400,Nos,8404
Substructure,Piling,Permamnent Pile,Bored Pile,G40,400,Nos,5815
Substructure,Piling,Permamnent Pile,Bored Pile,35,400,Nos,2665.25
Substructure,Piling,Permamnent Pile,Bored Pile,35,400,Nos,9688.4
Substructure,Piling,Permamnent Pile,Bored Pile,G30,400,Nos,1651.299
Substructure,Piling,Permamnent Pile,Bored Pile,G30,400,Nos,5267.8
Substructure,Piling,Permamnent Pile,Bored Pile,G40,400,Nos,1876
Substructure,Piling,Permamnent Pile,Bored Pile,G40,400,Nos,3997.53
Substructure,Piling,Permamnent Pile,Bored Pile,G40,400,Nos,914.03
Substructure,Piling,Permamnent Pile,Bored Pile,G30,400,Nos,6835.7
Substructure,Piling,Permamnent Pile,Bored Pile,G40,400,Nos,1873.157
Substructure,Piling,Permamnent Pile,Bored Pile,G40,400,Nos,8492
Substructure,Piling,Permamnent Pile,Bored Pile,35,400,Nos,9056.35
Substructure,Piling,Permamnent Pile,Bored Pile,G40,400,Nos,3953.238
Substructure,Piling,Permamnent Pile,Bored Pile,G40,400,Nos,8813.5
Substructure,Piling,Permamnent Pile,Bored Pile,G40,400,Nos,7039
Substructure,Piling,Permamnent Pile,Bored Pile,G40,400,Nos,3278.4
Substructure,Piling,Permamnent Pile,Bored Pile,G40,400,Nos,6529.482
Substructure,Piling,Permamnent Pile,Micro Pile,G40,200 mm,Nos,1112.9
Substructure,Piling,Permamnent Pile,Micro Pile,G40,200 mm,Nos,764.64
Substructure,Piling,Permamnent Pile,Micro Pile,35,200 mm,Nos,2457.623
Substructure,Piling,Permamnent Pile,Micro Pile,G40,200 mm,Nos,3833.5
Substructure,Piling,Permamnent Pile,Micro Pile,G40,200 mm,Nos,8378.26
Substructure,Piling,Permamnent Pile,Micro Pile,G30,200 mm,Nos,5236.3
Substructure,Piling,Permamnent Pile,Micro Pile,G30,200 mm,Nos,7330.3
Substructure,Piling,Permamnent Pile,Micro Pile,35,200 mm,Nos,8178.7
Substructure,Piling,Permamnent Pile,Micro Pile,35,200 mm,Nos,3971
Substructure,Piling,Permamnent Pile,Micro Pile,G40,200 mm,Nos,8493.98
Substructure,Piling,Permamnent Pile,Micro Pile,G40,200 mm,Nos,937.9
Substructure,Piling,Permamnent Pile,Micro Pile,G30,200 mm,Nos,8380.5
Substructure,Piling,Permamnent Pile,Micro Pile,35,200 mm,Nos,1645.524
Substructure,Piling,Permamnent Pile,Micro Pile,G40,200 mm,Nos,4870.93
Substructure,Piling,Permamnent Pile,Micro Pile,G40,200 mm,Nos,28.8
Substructure,Piling,Permamnent Pile,Micro Pile,35,200 mm,Nos,5162.66
Substructure,Piling,Permamnent Pile,Micro Pile,G40,200 mm,Nos,9209.74
Substructure,Piling,Permamnent Pile,Micro Pile,G40,200 mm,Nos,5876.7
Substructure,Piling,Permamnent Pile,Micro Pile,35,200 mm,Nos,8070.2
Substructure,Piling,Permamnent Pile,Micro Pile,G40,200 mm,Nos,6338.384
Substructure,Piling,Permamnent Pile,Micro Pile,35,200 mm,Nos,6755.6
Substructure,Piling,Permamnent Pile,Micro Pile,G40,200 mm,Nos,8131.02
Substructure,Piling,Permamnent Pile,Micro Pile,35,200 mm,Nos,7053.569
Substructure,Piling,Permamnent Pile,Micro Pile,G40,200 mm,Nos,6858.733
Substructure,Piling,Permamnent Pile,Micro Pile,G40,350mm,Nos,3245.9
Substructure,Piling,Permamnent Pile,Micro Pile,G30,350mm,Nos,9577
Substructure,Piling,Permamnent Pile,Micro Pile,35,350mm,Nos,2440
Substructure,Piling,Permamnent Pile,Micro Pile,G30,350mm,Nos,8652.94
Substructure,Piling,Permamnent Pile,Micro Pile,35,350mm,Nos,122.759
Substructure,Piling,Permamnent Pile,Micro Pile,35,350mm,Nos,3181.3
Substructure,Piling,Permamnent Pile,Micro Pile,G30,350mm,Nos,6044.4
Substructure,Piling,Permamnent Pile,Micro Pile,35,350mm,Nos,4192.99
Substructure,Piling,Permamnent Pile,Micro Pile,35,350mm,Nos,9312.965
Substructure,Piling,Permamnent Pile,Micro Pile,35,350mm,Nos,4478.837
Substructure,Piling,Permamnent Pile,Micro Pile,G40,350mm,Nos,4076.3
Substructure,Piling,Permamnent Pile,Micro Pile,G40,350mm,Nos,5857.72
Substructure,Piling,Permamnent Pile,Micro Pile,G40,350mm,Nos,811
Substructure,Piling,Permamnent Pile,Micro Pile,G30,350mm,Nos,7341.8
Substructure,Piling,Permamnent Pile,Micro Pile,35,350mm,Nos,4021
Substructure,Piling,Permamnent Pile,Micro Pile,G40,350mm,Nos,1225
Substructure,Piling,Permamnent Pile,Micro Pile,35,350mm,Nos,8968.8
Substructure,Piling,Permamnent Pile,Micro Pile,G40,350mm,Nos,7875.7
Substructure,Piling,Permamnent Pile,Micro Pile,G30,400,Nos,146.8
Substructure,Piling,Permamnent Pile,Micro Pile,G40,400,Nos,5353.77
Substructure,Piling,Permamnent Pile,Micro Pile,G30,400,Nos,9714
Substructure,Piling,Permamnent Pile,Micro Pile,35,400,Nos,6568.58
Substructure,Piling,Permamnent Pile,Micro Pile,G40,400,Nos,4216.83
Substructure,Piling,Permamnent Pile,Micro Pile,G40,400,Nos,8225
Substructure,Piling,Permamnent Pile,Micro Pile,35,400,Nos,3953.782
Substructure,Piling,Permamnent Pile,Micro Pile,G30,400,Nos,6398.09
Substructure,Piling,Permamnent Pile,Micro Pile,35,400,Nos,1287
Substructure,Piling,Permamnent Pile,Micro Pile,35,400,Nos,8430.94
Substructure,Piling,Permamnent Pile,Micro Pile,G40,400,Nos,5648.853
Substructure,Piling,Permamnent Pile,Micro Pile,G30,400,Nos,627.822
Substructure,Piling,Permamnent Pile,Micro Pile,35,400,Nos,4759.5
Substructure,Piling,Permamnent Pile,Micro Pile,35,400,Nos,978
Substructure,Piling,Permamnent Pile,Micro Pile,35,400,Nos,1030.24
Substructure,Piling,Permamnent Pile,Micro Pile,35,400,Nos,6570.1
Substructure,Piling,Permamnent Pile,Micro Pile,G30,400,Nos,9177.2
Substructure,Piling,Permamnent Pile,Micro Pile,G40,400,Nos,9451.5
Substructure,Piling,Permamnent Pile,Micro Pile,G30,400,Nos,5035
Substructure,Piling,Permamnent Pile,Micro Pile,35,400,Nos,8699.36
Substructure,Piling,Permamnent Pile,Micro Pile,35,400,Nos,595.838
Substructure,Piling,Permamnent Pile,Micro Pile,35,400,Nos,4202
Substructure,Piling,Permamnent Pile,Micro Pile,G30,400,Nos,3997.5
Substructure,Piling,Permamnent Pile,Micro Pile,G30,400,Nos,8110.948
Substructure,Piling,Permamnent Pile,Micro Pile,G30,400,Nos,542.65
Substructure,Piling,Permamnent Pile,Micro Pile,G40,400,Nos,6088.33
Substructure,Piling,Permamnent Pile,Micro Pile,35,400,Nos,2946
Substructure,Piling,Permamnent Pile,Micro Pile,G40,400,Nos,857.176
Substructure,Piling,Permamnent Pile,Spun Pile,G30,200 mm,Nos,9062.052
Substructure,Piling,Permamnent Pile,Spun Pile,G30,200 mm,Nos,4607.7
Substructure,Piling,Permamnent Pile,Spun Pile,G40,200 mm,Nos,6593
Substructure,Piling,Permamnent Pile,Spun Pile,G30,200 mm,Nos,9378.26
Substructure,Piling,Permamnent Pile,Spun Pile,35,200 mm,Nos,2479.31
Substructure,Piling,Permamnent Pile,Spun Pile,G40,200 mm,Nos,7679
Substructure,Piling,Permamnent Pile,Spun Pile,G40,200 mm,Nos,4205.02
Substructure,Piling,Permamnent Pile,Spun Pile,G40,200 mm,Nos,3889.4
Substructure,Piling,Permamnent Pile,Spun Pile,G40,200 mm,Nos,1776.3
Substructure,Piling,Permamnent Pile,Spun Pile,G40,200 mm,Nos,6721
Substructure,Piling,Permamnent Pile,Spun Pile,G30,200 mm,Nos,4486.8
Substructure,Piling,Permamnent Pile,Spun Pile,G40,200 mm,Nos,9769.1
Substructure,Piling,Permamnent Pile,Spun Pile,G30,200 mm,Nos,9714
Substructure,Piling,Permamnent Pile,Spun Pile,35,200 mm,Nos,9401.76
Substructure,Piling,Permamnent Pile,Spun Pile,G40,200 mm,Nos,2840.554
Substructure,Piling,Permamnent Pile,Spun Pile,35,200 mm,Nos,4920.653
Substructure,Piling,Permamnent Pile,Spun Pile,G30,200 mm,Nos,7842.2
Substructure,Piling,Permamnent Pile,Spun Pile,35,200 mm,Nos,2701
Substructure,Piling,Permamnent Pile,Spun Pile,35,200 mm,Nos,8950.061
Substructure,Piling,Permamnent Pile,Spun Pile,35,200 mm,Nos,435.97
Substructure,Piling,Permamnent Pile,Spun Pile,G30,200 mm,Nos,4555
Substructure,Piling,Permamnent Pile,Spun Pile,35,200 mm,Nos,9772
Substructure,Piling,Permamnent Pile,Spun Pile,G40,200 mm,Nos,8548.1
Substructure,Piling,Permamnent Pile,Spun Pile,35,200 mm,Nos,2405.8
Substructure,Piling,Permamnent Pile,Spun Pile,35,200 mm,Nos,3155
Substructure,Piling,Permamnent Pile,Spun Pile,G40,200 mm,Nos,5595
Substructure,Piling,Permamnent Pile,Spun Pile,G40,200 mm,Nos,2925
Substructure,Piling,Permamnent Pile,Spun Pile,G30,200 mm,Nos,1997
Substructure,Piling,Permamnent Pile,Spun Pile,G40,200 mm,Nos,7068
Substructure,Piling,Permamnent Pile,Spun Pile,35,350mm,Nos,9867.3
Substructure,Piling,Permamnent Pile,Spun Pile,G40,350mm,Nos,1776.8
Substructure,Piling,Permamnent Pile,Spun Pile,G30,350mm,Nos,5356.54
Substructure,Piling,Permamnent Pile,Spun Pile,G40,350mm,Nos,5711.805
Substructure,Piling,Permamnent Pile,Spun Pile,35,350mm,Nos,1850
Substructure,Piling,Permamnent Pile,Spun Pile,G40,350mm,Nos,1119.5
Substructure,Piling,Permamnent Pile,Spun Pile,35,350mm,Nos,4519.217
Substructure,Piling,Permamnent Pile,Spun Pile,35,350mm,Nos,5687
Substructure,Piling,Permamnent Pile,Spun Pile,G40,350mm,Nos,7186.275
Substructure,Piling,Permamnent Pile,Spun Pile,G30,350mm,Nos,5222.44
Substructure,Piling,Permamnent Pile,Spun Pile,35,350mm,Nos,8609
Substructure,Piling,Permamnent Pile,Spun Pile,G40,350mm,Nos,3880.211
Substructure,Piling,Permamnent Pile,Spun Pile,35,350mm,Nos,4906
Substructure,Piling,Permamnent Pile,Spun Pile,35,350mm,Nos,4250.74
Substructure,Piling,Permamnent Pile,Spun Pile,35,350mm,Nos,235.106
Substructure,Piling,Permamnent Pile,Spun Pile,G40,350mm,Nos,7667.1
Substructure,Piling,Permamnent Pile,Spun Pile,35,350mm,Nos,1356.1
Substructure,Piling,Permamnent Pile,Spun Pile,G30,350mm,Nos,809.8
Substructure,Piling,Permamnent Pile,Spun Pile,G40,350mm,Nos,3443
Substructure,Piling,Permamnent Pile,Spun Pile,G40,350mm,Nos,3150
Substructure,Piling,Permamnent Pile,Spun Pile,G30,350mm,Nos,5264.11
Substructure,Piling,Permamnent Pile,Spun Pile,G40,350mm,Nos,1488.9
Substructure,Piling,Permamnent Pile,Spun Pile,35,350mm,Nos,8248.4
Substructure,Piling,Permamnent Pile,Spun Pile,G30,350mm,Nos,7369
Substructure,Piling,Permamnent Pile,Spun Pile,G40,350mm,Nos,2922.3
Substructure,Piling,Permamnent Pile,Spun Pile,G40,350mm,Nos,9482.7
Substructure,Piling,Permamnent Pile,Spun Pile,G30,350mm,Nos,6150.4
Substructure,Piling,Permamnent Pile,Spun Pile,G40,350mm,Nos,3762.389
Substructure,Piling,Permamnent Pile,Spun Pile,G40,350mm,Nos,4010
Substructure,Piling,Permamnent Pile,Spun Pile,35,400,Nos,721
Substructure,Piling,Permamnent Pile,Spun Pile,G30,400,Nos,2893
Substructure,Piling,Permamnent Pile,Spun Pile,35,400,Nos,8273.458
Substructure,Piling,Permamnent Pile,Spun Pile,G40,400,Nos,2739.22
Substructure,Piling,Permamnent Pile,Spun Pile,35,400,Nos,9676.07
Substructure,Piling,Permamnent Pile,Spun Pile,35,400,Nos,7025
Substructure,Piling,Permamnent Pile,Spun Pile,G40,400,Nos,5912.96
Substructure,Piling,Permamnent Pile,Spun Pile,G30,400,Nos,5478.66
Substructure,Piling,Permamnent Pile,Spun Pile,35,400,Nos,2918.71
Substructure,Piling,Permamnent Pile,Spun Pile,35,400,Nos,5411.29
Substructure,Piling,Permamnent Pile,Spun Pile,G30,400,Nos,1947
Substructure,Piling,Permamnent Pile,Spun Pile,G30,400,Nos,9711
Substructure,Piling,Permamnent Pile,Spun Pile,G30,400,Nos,5462.78
Substructure,Piling,Permamnent Pile,Spun Pile,35,400,Nos,2518.2
Substructure,Piling,Permamnent Pile,Spun Pile,G40,400,Nos,8429.5
Substructure,Piling,Permamnent Pile,Spun Pile,G30,400,Nos,1797.69
Substructure,Piling,Permamnent Pile,Spun Pile,35,400,Nos,1123.6
Substructure,Piling,Permamnent Pile,Spun Pile,G40,400,Nos,54.9
Substructure,Piling,Permamnent Pile,Spun Pile,G30,400,Nos,3107
Substructure,Piling,Permamnent Pile,Spun Pile,G40,400,Nos,7660.113
Substructure,Piling,Permamnent Pile,Spun Pile,G40,400,Nos,8071.59
Substructure,Piling,Permamnent Pile,Spun Pile,35,400,Nos,3761
Substructure,Piling,Permamnent Pile,Spun Pile,35,400,Nos,23.7
Substructure,Piling,Permamnent Pile,Spun Pile,35,400,Nos,7253.3
Substructure,Piling,Permamnent Pile,Spun Pile,G30,400,Nos,9706.6
Superstructure,Frame and Slab,RC Beam,Cast in-situ,35,,m3,2837.411
Superstructure,Frame and Slab,RC Beam,Cast in-situ,35,,m3,712
Superstructure,Frame and Slab,RC Beam,Cast in-situ,G30,,m3,4345.23
Superstructure,Frame and Slab,RC Beam,Cast in-situ,G40,,m3,6408.05
Superstructure,Frame and Slab,RC Beam,Cast in-situ,G30,0.8,m3,6644.1
Superstructure,Frame and Slab,RC Beam,Cast in-situ,G40,0.8,m3,4859.2
Superstructure,Frame and Slab,RC Beam,Cast in-situ,G40,0.8,m3,9448.2
Superstructure,Frame and Slab,RC Beam,Cast in-situ,G30,80%,m3,6538.3
Superstructure,Frame and Slab,RC Beam,Cast in-situ,G30,80%,m3,6518.16
Superstructure,Frame and Slab,RC Beam,Cast in-situ,G40,80%,m3,2762.857
Superstructure,Frame and Slab,RC Beam,Cast in-situ,35,No,m3,9874
Superstructure,Frame and Slab,RC Beam,Cast in-situ,G30,No,m3,7116.5
Superstructure,Frame and Slab,RC Beam,Cast in-situ,G30,"Yes,1:35",m3,230
Superstructure,Frame and Slab,RC Beam,Cast in-situ,35,"Yes,1:35",m3,9475.87
Superstructure,Frame and Slab,RC Beam,Cast in-situ,35,"Yes,1:35",m3,3487
Superstructure,Frame and Slab,RC Beam,Cast in-situ,35,"Yes,1:35",m3,807
Superstructure,Frame and Slab,RC Beam,Cast in-situ,G30,"Yes,1:35",m3,4119.238
Superstructure,Frame and Slab,RC Beam,Castinsitu,35,,m3,8987.3
Superstructure,Frame and Slab,RC Beam,Castinsitu,35,,m3,7586.3
Superstructure,Frame and Slab,RC Beam,Castinsitu,35,,m3,8054
Superstructure,Frame and Slab,RC Beam,Castinsitu,G40,0.8,m3,1330.2
Superstructure,Frame and Slab,RC Beam,Castinsitu,G40,0.8,m3,5671
Superstructure,Frame and Slab,RC Beam,Castinsitu,G40,0.8,m3,791
Superstructure,Frame and Slab,RC Beam,Castinsitu,G40,0.8,m3,3943.8
Superstructure,Frame and Slab,RC Beam,Castinsitu,35,0.8,m3,2862.75
Superstructure,Frame and Slab,RC Beam,Castinsitu,G30,0.8,m3,3097.237
Superstructure,Frame and Slab,RC Beam,Castinsitu,G40,80%,m3,969.401
Superstructure,Frame and Slab,RC Beam,Castinsitu,35,80%,m3,2739
Superstructure,Frame and Slab,RC Beam,Castinsitu,G30,80%,m3,73
Superstructure,Frame and Slab,RC Beam,Castinsitu,G40,80%,m3,5732.94
Superstructure,Frame and Slab,RC Beam,Castinsitu,G40,80%,m3,4368.94
Superstructure,Frame and Slab,RC Beam,Castinsitu,35,80%,m3,7181.412
Superstructure,Frame and Slab,RC Beam,Castinsitu,G40,80%,m3,7933.816
Superstructure,Frame and Slab,RC Beam,Castinsitu,G30,No,m3,7031
Superstructure,Frame and Slab,RC Beam,Castinsitu,35,No,m3,6419.2
Superstructure,Frame and Slab,RC Beam,Castinsitu,35,No,m3,9265.3
Superstructure,Frame and Slab,RC Beam,Castinsitu,G40,No,m3,3894.374
Superstructure,Frame and Slab,RC Beam,Castinsitu,35,No,m3,6862.176
Superstructure,Frame and Slab,RC Beam,Castinsitu,G30,No,m3,7794
Superstructure,Frame and Slab,RC Beam,Castinsitu,35,"Yes,1:35",m3,6955.8
Superstructure,Frame and Slab,RC Beam,Precast,G40,,m3,6694
Superstructure,Frame and Slab,RC Beam,Precast,G40,,m3,3894.013
Superstructure,Frame and Slab,RC Beam,Precast,G30,,m3,1691.1
Superstructure,Frame and Slab,RC Beam,Precast,G30,,m3,1084.75
Superstructure,Frame and Slab,RC Beam,Precast,35,,m3,4848.9
Superstructure,Frame and Slab,RC Beam,Precast,G30,,m3,8525.4
Superstructure,Frame and Slab,RC Beam,Precast,G40,,m3,8688.562
Superstructure,Frame and Slab,RC Beam,Precast,35,,m3,6788
Superstructure,Frame and Slab,RC Beam,Precast,G30,0.8,m3,8667.8
Superstructure,Frame and Slab,RC Beam,Precast,G30,80%,m3,7503
Superstructure,Frame and Slab,RC Beam,Precast,G40,80%,m3,380.7
Superstructure,Frame and Slab,RC Beam,Precast,G30,80%,m3,6252.9
Superstructure,Frame and Slab,RC Beam,Precast,G30,80%,m3,835.8
Superstructure,Frame and Slab,RC Beam,Precast,35,No,m3,3278.1
Superstructure,Frame and Slab,RC Beam,Precast,G40,No,m3,4888.52
Superstructure,Frame and Slab,RC Beam,Precast,G30,"Yes,1:35",m3,8385.8
Superstructure,Frame and Slab,RC Beam,Precast,35,"Yes,1:35",m3,6769.386
Superstructure,Frame and Slab,RC Beam,Precast,G40,"Yes,1:35",m3,3568.872
Superstructure,Frame and Slab,RC Beam,Precast,35,"Yes,1:35",m3,6961.52
Superstructure,Frame and Slab,RC Column,Cast in-situ,35,,m3,1526
Superstructure,Frame and Slab,RC Column,Cast in-situ,35,,m3,8655
Superstructure,Frame and Slab,RC Column,Cast in-situ,G40,,m3,8439.608
Superstructure,Frame and Slab,RC Column,Cast in-situ,G30,,m3,6639.49
Superstructure,Frame and Slab,RC Column,Cast in-situ,G40,,m3,505.8
Superstructure,Frame and Slab,RC Column,Cast in-situ,G40,,m3,7715.8
Superstructure,Frame and Slab,RC Column,Cast in-situ,G40,,m3,1056
Superstructure,Frame and Slab,RC Column,Cast in-situ,G30,,m3,7336.3
Superstructure,Frame and Slab,RC Column,Cast in-situ,G40,,m3,2981.21
Superstructure,Frame and Slab,RC Column,Cast in-situ,35,,m3,5515
Superstructure,Frame and Slab,RC Column,Cast in-situ,35,,m3,30.94
Superstructure,Frame and Slab,RC Column,Cast in-situ,G40,,m3,8567.41
Superstructure,Frame and Slab,RC Column,Cast in-situ,G30,,m3,7427.6
Superstructure,Frame and Slab,RC Column,Cast in-situ,G30,,m3,3321.654
Superstructure,Frame and Slab,RC Column,Cast in-situ,35,,m3,8578.2
Superstructure,Frame and Slab,RC Column,Cast in-situ,G40,,m3,543.675
Superstructure,Frame and Slab,RC Column,Cast in-situ,G30,,m3,3221
Superstructure,Frame and Slab,RC Column,Castinsitu,G40,,m3,4900.42
Superstructure,Frame and Slab,RC Column,Castinsitu,G40,,m3,7467.187
Superstructure,Frame and Slab,RC Column,Castinsitu,G40,,m3,4063.12
Superstructure,Frame and Slab,RC Column,Castinsitu,G40,,m3,3006.6
Superstructure,Frame and Slab,RC Column,Castinsitu,G40,,m3,6482.7
Superstructure,Frame and Slab,RC Column,Castinsitu,G40,,m3,7675.842
Superstructure,Frame and Slab,RC Column,Castinsitu,G40,,m3,784.92
Superstructure,Frame and Slab,RC Column,Castinsitu,G40,,m3,2273.823
Superstructure,Frame and Slab,RC Column,Castinsitu,G30,,m3,8465.689
Superstructure,Frame and Slab,RC Column,Castinsitu,G30,,m3,2041.2
Superstructure,Frame and Slab,RC Column,Castinsitu,35,,m3,2015.747
Superstructure,Frame and Slab,RC Column,Castinsitu,G30,,m3,4133
Superstructure,Frame and Slab,RC Column,Castinsitu,G30,,m3,1947.488
Superstructure,Frame and Slab,RC Column,Castinsitu,G30,,m3,15.955
Superstructure,Frame and Slab,RC Column,Castinsitu,G30,,m3,6722.7
Superstructure,Frame and Slab,RC Column,Precast,G40,,m3,6743.108
Superstructure,Frame and Slab,RC Column,Precast,G40,,m3,1616
Superstructure,Frame and Slab,RC Column,Precast,35,,m3,1745.205
Superstructure,Frame and Slab,RC Column,Precast,35,,m3,1020.8
Superstructure,Frame and Slab,RC Column,Precast,35,,m3,1692.754
Superstructure,Frame and Slab,RC Column,Precast,35,,m3,8408.31
Superstructure,Frame and Slab,RC Column,Precast,G40,,m3,5544
Superstructure,Frame and Slab,RC Column,Precast,G40,,m3,4396
Superstructure,Frame and Slab,RC Column,Precast,35,,m3,4961.192
Superstructure,Frame and Slab,RC Column,Precast,G30,,m3,7800.57
Superstructure,Frame and Slab,RC Column,Precast,G40,,m3,5211
Superstructure,Frame and Slab,RC Column,Precast,35,,m3,4858.7
Superstructure,Frame and Slab,RC Column,Precast,35,,m3,9266.535
Superstructure,Frame and Slab,RC Column,Precast,G40,,m3,1699.45
Superstructure,Frame and Slab,RC Column,Precast,35,,m3,3855.4
Superstructure,Frame and Slab,RC Column,Precast,G40,,m3,3307.009
Superstructure,Frame and Slab,RC Column,Precast,G40,,m3,8608.741
Superstructure,Frame and Slab,RC Slab,Cast in-situ,G40,,m3,9704.881
Superstructure,Frame and Slab,RC Slab,Cast in-situ,G40,,m3,5724.85
Superstructure,Frame and Slab,RC Slab,Cast in-situ,35,,m3,8147.02
Superstructure,Frame and Slab,RC Slab,Cast in-situ,G30,,m3,4824.71
Superstructure,Frame and Slab,RC Slab,Cast in-situ,G30,,m3,5024
Superstructure,Frame and Slab,RC Slab,Cast in-situ,G30,,m3,5738
Superstructure,Frame and Slab,RC Slab,Cast in-situ,G30,,m3,4065.369
Superstructure,Frame and Slab,RC Slab,Cast in-situ,G40,,m3,8963.08
Superstructure,Frame and Slab,RC Slab,Cast in-situ,G30,,m3,8752.41
Superstructure,Frame and Slab,RC Slab,Cast in-situ,35,,m3,420.705
Superstructure,Frame and Slab,RC Slab,Cast in-situ,G30,,m3,804.2
Superstructure,Frame and Slab,RC Slab,Cast in-situ,35,,m3,6955.3
Superstructure,Frame and Slab,RC Slab,Cast in-situ,G40,,m3,7021.77
Superstructure,Frame and Slab,RC Slab,Cast in-situ,G30,,m3,5939.8
Superstructure,Frame and Slab,RC Slab,Cast in-situ,G30,,m3,622.43
Superstructure,Frame and Slab,RC Slab,Cast in-situ,35,,m3,6725
Superstructure,Frame and Slab,RC Slab,Cast in-situ,G30,,m3,9810.3
Superstructure,Frame and Slab,RC Slab,Cast in-situ,35,,m3,5913.6
Superstructure,Frame and Slab,RC Slab,Cast in-situ,G40,,m3,9209.346
Superstructure,Frame and Slab,RC Slab,Cast in-situ,G30,,m3,5596.621
Superstructure,Frame and Slab,RC Slab,Cast in-situ,G40,,m3,6467.63
Superstructure,Frame and Slab,RC Slab,Cast in-situ,35,,m3,3342.25
Superstructure,Frame and Slab,RC Slab,Cast in-situ,G30,,m3,3906.397
Superstructure,Frame and Slab,RC Slab,Cast in-situ,G30,,m3,2662
Superstructure,Frame and Slab,RC Slab,Cast in-situ,G40,,m3,4835.604
Superstructure,Frame and Slab,RC Slab,Cast in-situ,G40,,m3,4820.3
Superstructure,Frame and Slab,RC Slab,Cast in-situ,35,,m3,908
Superstructure,Frame and Slab,RC Slab,Cast in-situ,G40,,m3,7373.2
Superstructure,Frame and Slab,RC Slab,Cast in-situ,35,,m3,7570.6
Superstructure,Frame and Slab,RC Slab,Cast in-situ,G40,,m3,299.7
Superstructure,Frame and Slab,RC Slab,Cast in-situ,G40,,m3,1387.32
Superstructure,Frame and Slab,RC Slab,Cast in-situ,G30,,m3,4300
Superstructure,Frame and Slab,RC Slab,Cast in-situ,G40,,m3,3910.009
Superstructure,Frame and Slab,RC Slab,Cast in-situ,G30,,m3,8273.893
Superstructure,Frame and Slab,RC Slab,Cast in-situ,35,,m3,9636.6
Superstructure,Frame and Slab,RC Slab,Cast in-situ,G40,,m3,4349
Superstructure,Frame and Slab,RC Slab,Cast in-situ,G30,,m3,3619.149
Superstructure,Frame and Slab,RC Slab,Cast in-situ,G40,,m3,4509.6
Superstructure,Frame and Slab,RC Slab,Cast in-situ,G40,,m3,7734.56
Superstructure,Frame and Slab,RC Slab,Cast in-situ,G40,,m3,5328.458
Superstructure,Frame and Slab,RC Slab,Cast in-situ,35,,m3,6525.7
Superstructure,Frame and Slab,RC Slab,Cast in-situ,35,,m3,7452
Superstructure,Frame and Slab,RC Slab,Cast in-situ,35,,m3,4568
Superstructure,Frame and Slab,RC Slab,Castinsitu,35,,m3,4506.505
Superstructure,Frame and Slab,RC Slab,Castinsitu,35,,m3,9095.5
Superstructure,Frame and Slab,RC Slab,Castinsitu,35,,m3,2825.2
Superstructure,Frame and Slab,RC Slab,Castinsitu,G30,,m3,5228.43
Superstructure,Frame and Slab,RC Slab,Castinsitu,35,,m3,4752.2
Superstructure,Frame and Slab,RC Slab,Castinsitu,G30,,m3,8383.7
Superstructure,Frame and Slab,RC Slab,Castinsitu,G40,,m3,8476
Superstructure,Frame and Slab,RC Slab,Castinsitu,35,,m3,5982.612
Superstructure,Frame and Slab,RC Slab,Castinsitu,G30,,m3,3597
Superstructure,Frame and Slab,RC Slab,Castinsitu,G30,,m3,3169.983
Superstructure,Frame and Slab,RC Slab,Castinsitu,G30,,m3,9033.14
Superstructure,Frame and Slab,RC Slab,Castinsitu,G40,,m3,5437.24
Superstructure,Frame and Slab,RC Slab,Castinsitu,G30,,m3,8126
Superstructure,Frame and Slab,RC Slab,Castinsitu,G40,,m3,9322
Superstructure,Frame and Slab,RC Slab,Castinsitu,G30,,m3,4443.3
Superstructure,Frame and Slab,RC Slab,Castinsitu,35,,m3,3564.25
Superstructure,Frame and Slab,RC Slab,Castinsitu,35,,m3,2161
Superstructure,Frame and Slab,RC Slab,Castinsitu,35,,m3,9265.7
Superstructure,Frame and Slab,RC Slab,Castinsitu,G30,,m3,7789
Superstructure,Frame and Slab,RC Slab,Castinsitu,35,,m3,9162.418
Superstructure,Frame and Slab,RC Slab,Castinsitu,G30,,m3,9894.261
Superstructure,Frame and Slab,RC Slab,Castinsitu,G30,,m3,333.234
Superstructure,Frame and Slab,RC Slab,Castinsitu,G40,,m3,7413
Superstructure,Frame and Slab,RC Slab,Castinsitu,G30,,m3,1092.36
Superstructure,Frame and Slab,RC Slab,Castinsitu,35,,m3,1134
Superstructure,Frame and Slab,RC Slab,Castinsitu,G30,,m3,1305.71
Superstructure,Frame and Slab,RC Slab,Castinsitu,35,,m3,4753.28
Superstructure,Frame and Slab,RC Slab,Castinsitu,G30,,m3,8545.8
Superstructure,Frame and Slab,RC Slab,Castinsitu,G40,,m3,2258.631
Superstructure,Frame and Slab,RC Slab,Castinsitu,G40,,m3,9253
Superstructure,Frame and Slab,RC Slab,Castinsitu,G30,,m3,6544
Superstructure,Frame and Slab,RC Slab,Castinsitu,35,,m3,7869.15
Superstructure,Frame and Slab,RC Slab,Castinsitu,35,,m3,8299.4
Superstructure,Frame and Slab,RC Slab,Castinsitu,G40,,m3,1448
Superstructure,Frame and Slab,RC Slab,Castinsitu,G30,,m3,263.65
Superstructure,Frame and Slab,RC Slab,Castinsitu,G40,,m3,8789.3
Superstructure,Frame and Slab,RC Slab,Castinsitu,G30,,m3,9259
Superstructure,Frame and Slab,RC Slab,Castinsitu,G30,,m3,4433
Superstructure,Frame and Slab,RC Slab,Castinsitu,G30,,m3,4274.06
Superstructure,Frame and Slab,RC Slab,Castinsitu,35,,m3,384
Superstructure,Frame and Slab,RC Slab,Castinsitu,G40,,m3,7788
Superstructure,Frame and Slab,RC Slab,Castinsitu,35,,m3,9327.51
Superstructure,Frame and Slab,RC Slab,Castinsitu,G30,,m3,8298
Superstructure,Frame and Slab,RC Slab,Precast,G40,,m3,955
Superstructure,Frame and Slab,RC Slab,Precast,35,,m3,7295
Superstructure,Frame and Slab,RC Slab,Precast,G40,,m3,6032
Superstructure,Frame and Slab,RC Slab,Precast,35,,m3,5857
Superstructure,Frame and Slab,RC Slab,Precast,G30,,m3,3446.838
Superstructure,Frame and Slab,RC Slab,Precast,G40,,m3,5262
Superstructure,Frame and Slab,RC Slab,Precast,35,,m3,576.9
Superstructure,Frame and Slab,RC Slab,Precast,35,,m3,3672.06
Superstructure,Frame and Slab,RC Slab,Precast,G40,,m3,9538.045
Superstructure,Frame and Slab,RC Slab,Precast,G30,,m3,6060.3
Superstructure,Frame and Slab,RC Slab,Precast,G30,,m3,9529.452
Superstructure,Frame and Slab,RC Slab,Precast,G30,,m3,7669.953
Superstructure,Frame and Slab,RC Slab,Precast,G30,,m3,9849.418
Superstructure,Frame and Slab,RC Slab,Precast,G30,,m3,4662.98
Superstructure,Frame and Slab,RC Slab,Precast,G40,,m3,5072.421
Superstructure,Frame and Slab,RC Slab,Precast,35,,m3,4900.1
Superstructure,Frame and Slab,RC Slab,Precast,G30,,m3,2009.441
Superstructure,Frame and Slab,RC Slab,Precast,G40,,m3,7377.5
Superstructure,Frame and Slab,RC Slab,Precast,G40,,m3,1727
Superstructure,Frame and Slab,RC Slab,Precast,G40,,m3,7802.37
Superstructure,Frame and Slab,RC Slab,Precast,35,,m3,9195.21
Superstructure,Frame and Slab,RC Slab,Precast,G40,,m3,308.25
Superstructure,Frame and Slab,RC Slab,Precast,G40,,m3,3009.8
Superstructure,Frame and Slab,RC Slab,Precast,G40,,m3,6175
Superstructure,Frame and Slab,RC Slab,Precast,35,,m3,969.999
Superstructure,Frame and Slab,RC Slab,Precast,G30,,m3,9686.43
Superstructure,Frame and Slab,RC Slab,Precast,G30,,m3,7764.9
Superstructure,Frame and Slab,RC Slab,Precast,G40,,m3,795.9
Superstructure,Frame and Slab,RC Slab,Precast,G40,,m3,5216.2
Superstructure,Frame and Slab,RC Slab,Precast,G30,,m3,8893.87
Superstructure,Frame and Slab,RC Slab,Precast,G30,,m3,4208.25
Superstructure,Frame and Slab,RC Slab,Precast,G30,,m3,8479.46
Superstructure,Frame and Slab,RC Slab,Precast,G40,,m3,8243
Superstructure,Frame and Slab,RC Slab,Precast,G40,,m3,656.84
Superstructure,Frame and Slab,RC Slab,Precast,35,,m3,2650
Superstructure,Frame and Slab,RC Staircase,Cast in-situ,G30,,m3,2974.94
Superstructure,Frame and Slab,RC Staircase,Cast in-situ,35,,m3,9415
Superstructure,Frame and Slab,RC Staircase,Cast in-situ,G40,,m3,1977.38
Superstructure,Frame and Slab,RC Staircase,Cast in-situ,G30,,m3,6423.62
Superstructure,Frame and Slab,RC Staircase,Cast in-situ,G30,,m3,1130.561
Superstructure,Frame and Slab,RC Staircase,Cast in-situ,G40,,m3,5470.5
Superstructure,Frame and Slab,RC Staircase,Cast in-situ,G40,,m3,5026.2
Superstructure,Frame and Slab,RC Staircase,Cast in-situ,35,,m3,33
Superstructure,Frame and Slab,RC Staircase,Cast in-situ,35,,m3,6202.65
Superstructure,Frame and Slab,RC Staircase,Cast in-situ,G40,,m3,3842
Superstructure,Frame and Slab,RC Staircase,Cast in-situ,G40,,m3,6954.425
Superstructure,Frame and Slab,RC Staircase,Cast in-situ,G40,,m3,6572.52
Superstructure,Frame and Slab,RC Staircase,Cast in-situ,G40,,m3,2114.11
Superstructure,Frame and Slab,RC Staircase,Cast in-situ,G30,,m3,8270.666
Superstructure,Frame and Slab,RC Staircase,Cast in-situ,G40,,m3,3475
Superstructure,Frame and Slab,RC Staircase,Cast in-situ,G30,,m3,402.03
Superstructure,Frame and Slab,RC Staircase,Cast in-situ,35,,m3,7987.8
Superstructure,Frame and Slab,RC Staircase,Cast in-situ,G40,,m3,3739.31
Superstructure,Frame and Slab,RC Staircase,Cast in-situ,G30,,m3,7524.07
Superstructure,Frame and Slab,RC Staircase,Cast in-situ,G30,,m3,648.5
Superstructure,Frame and Slab,RC Staircase,Cast in-situ,G40,,m3,6695
Superstructure,Frame and Slab,RC Staircase,Cast in-situ,G40,,m3,871.27
Superstructure,Frame and Slab,RC Staircase,Castinsitu,G40,,m3,1160
Superstructure,Frame and Slab,RC Staircase,Castinsitu,35,,m3,352.64
Superstructure,Frame and Slab,RC Staircase,Castinsitu,35,,m3,4588.73
Superstructure,Frame and Slab,RC Staircase,Castinsitu,G40,,m3,181.47
Superstructure,Frame and Slab,RC Staircase,Castinsitu,35,,m3,668
Superstructure,Frame and Slab,RC Staircase,Castinsitu,G40,,m3,8496.14
Superstructure,Frame and Slab,RC Staircase,Castinsitu,G30,,m3,4890.972
Superstructure,Frame and Slab,RC Staircase,Castinsitu,G40,,m3,8340
Superstructure,Frame and Slab,RC Staircase,Castinsitu,G30,,m3,3735.07
Superstructure,Frame and Slab,RC Staircase,Castinsitu,G40,,m3,4541.1
Superstructure,Frame and Slab,RC Staircase,Castinsitu,G30,,m3,6211.363
Superstructure,Frame and Slab,RC Staircase,Castinsitu,G30,,m3,3654.2
Superstructure,Frame and Slab,RC Staircase,Castinsitu,35,,m3,9913
Superstructure,Frame and Slab,RC Staircase,Castinsitu,G40,,m3,4568
Superstructure,Frame and Slab,RC Staircase,Castinsitu,G30,,m3,1505.1
Superstructure,Frame and Slab,RC Staircase,Castinsitu,G40,,m3,2461.821
Superstructure,Frame and Slab,RC Staircase,Castinsitu,G40,,m3,4870.6
Superstructure,Frame and Slab,RC Staircase,Castinsitu,G30,,m3,377.2
Superstructure,Frame and Slab,RC Staircase,Castinsitu,G30,,m3,2621
Superstructure,Frame and Slab,RC Staircase,Precast,35,,m3,6487.4
Superstructure,Frame and Slab,RC Staircase,Precast,G40,,m3,2941.69
Superstructure,Frame and Slab,RC Staircase,Precast,35,,m3,8207.34
Superstructure,Frame and Slab,RC Staircase,Precast,G40,,m3,5706.8
Superstructure,Frame and Slab,RC Staircase,Precast,35,,m3,5279.65
Superstructure,Frame and Slab,RC Staircase,Precast,G30,,m3,2296
Superstructure,Frame and Slab,RC Staircase,Precast,35,,m3,7393.463
Superstructure,Frame and Slab,RC Staircase,Precast,G30,,m3,3779
Superstructure,Frame and Slab,RC Staircase,Precast,G40,,m3,6620
Superstructure,Frame and Slab,RC Staircase,Precast,G30,,m3,1750.12
Superstructure,Frame and Slab,RC Staircase,Precast,G40,,m3,6924.279
Superstructure,Frame and Slab,RC Staircase,Precast,G30,,m3,605.6
Superstructure,Frame and Slab,RC Staircase,Precast,G30,,m3,2771.06
Superstructure,Frame and Slab,RC Staircase,Precast,35,,m3,5062.24
Superstructure,Frame and Slab,RC Staircase,Precast,G40,,m3,1179
Superstructure,Frame and Slab,RC Staircase,Precast,G40,,m3,713.95
Superstructure,Frame and Slab,RC Staircase,Precast,35,,m3,2724
Superstructure,Frame and Slab,RC Staircase,Precast,35,,m3,3681.815
Superstructure,Frame and Slab,RC Staircase,Precast,35,,m3,9461.1
Superstructure,Frame and Slab,RC Staircase,Precast,G30,,m3,9200.259
Superstructure,Frame and Slab,RC Staircase,Precast,35,,m3,1496
Superstructure,Frame and Slab,RC Staircase,Precast,G30,,m3,9231
Superstructure,Frame and Slab,Steel Beam,BS4360 Grade 43A,152 x 152 x 23 UC,,kg,5955.54
Superstructure,Frame and Slab,Steel Beam,BS4360 Grade 43A,152 x 152 x 23 UC,,kg,9137
Superstructure,Frame and Slab,Steel Beam,BS4360 Grade 43A,5,,kg,4593
Superstructure,Frame and Slab,Steel Beam,BS4360 Grade 43A,152 x 152 x 23 UC,,kg,4349.3
Superstructure,Frame and Slab,Steel Beam,BS4360 Grade 43A,152 x 152 x 23 UC,,kg,305.2
Superstructure,Frame and Slab,Steel Beam,BS4360 Grade 43A,5,,kg,1488.009
Superstructure,Frame and Slab,Steel Beam,BS4360 Grade 43A,152 x 152 x 23 UC,,kg,4607
Superstructure,Frame and Slab,Steel Beam,BS4360 Grade 43A,5,,kg,1824
Superstructure,Frame and Slab,Steel Beam,BS4360 Grade 43A,152 x 152 x 23 UC,,kg,735.9
Superstructure,Frame and Slab,Steel Beam,BS4360 Grade 43A,152 x 152 x 23 UC,,kg,7184.329
Superstructure,Frame and Slab,Steel Beam,BS4360 Grade 43A,5,,kg,2585.29
Superstructure,Frame and Slab,Steel Beam,BS4360 Grade 43A,5,,kg,7465.89
Superstructure,Frame and Slab,Steel Beam,BS4360 Grade 43A,152 x 152 x 23 UC,,kg,1165.164
Superstructure,Frame and Slab,Steel Beam,BS4360 Grade 43A,152 x 152 x 23 UC,,kg,8036.3
Superstructure,Frame and Slab,Steel Beam,BS4360 Grade 43A,152 x 152 x 23 UC,,kg,9244.84
Superstructure,Frame and Slab,Steel Beam,BS4360 Grade 43A,152 x 152 x 23 UC,,kg,2614.9
Superstructure,Frame and Slab,Steel Beam,BS4360 Grade 43A,152 x 152 x 23 UC,,kg,4043.952
Superstructure,Frame and Slab,Steel Beam,BS4360 Grade 43A,5,,kg,7134.4
Superstructure,Frame and Slab,Steel Beam,BS4360 Grade 43A,5,,kg,6635.7
Superstructure,Frame and Slab,Steel Beam,BS4360 Grade 43A,5,,kg,954.1
Superstructure,Frame and Slab,Steel Beam,BS4360 Grade 43A,152 x 152 x 23 UC,,kg,4774.036
Superstructure,Frame and Slab,Steel Beam,BS4360 Grade 43A,152 x 152 x 23 UC,,kg,135
Superstructure,Frame and Slab,Steel Beam,BS4360 Grade 43A,5,,kg,8906
Superstructure,Frame and Slab,Steel Beam,EN 10025 S275,152 x 152 x 23 UC,,kg,7363.34
Superstructure,Frame and Slab,Steel Beam,EN 10025 S275,5,,kg,3490.12
Superstructure,Frame and Slab,Steel Beam,EN 10025 S275,152 x 152 x 23 UC,,kg,3938
Superstructure,Frame and Slab,Steel Beam,EN 10025 S275,5,,kg,5080.134
Superstructure,Frame and Slab,Steel Beam,EN 10025 S275,152 x 152 x 23 UC,,kg,7271.7
Superstructure,Frame and Slab,Steel Beam,EN 10025 S275,5,,kg,9566.34
Superstructure,Frame and Slab,Steel Beam,EN 10025 S275,5,,kg,6136.31
Superstructure,Frame and Slab,Steel Beam,EN 10025 S275,152 x 152 x 23 UC,,kg,2712
Superstructure,Frame and Slab,Steel Beam,EN 10025 S275,152 x 152 x 23 UC,,kg,1354.9
Superstructure,Frame and Slab,Steel Beam,EN 10025 S275,5,,kg,4134.2
Superstructure,Frame and Slab,Steel Beam,EN 10025 S275,152 x 152 x 23 UC,,kg,7768.85
Superstructure,Frame and Slab,Steel Beam,EN 10025 S275,152 x 152 x 23 UC,,kg,4502.3
Superstructure,Frame and Slab,Steel Beam,EN 10025 S275,152 x 152 x 23 UC,,kg,4465.565
Superstructure,Frame and Slab,Steel Beam,EN 10025 S275,5,,kg,9728.1
Superstructure,Frame and Slab,Steel Beam,EN 10025 S275,5,,kg,2785.35
Superstructure,Frame and Slab,Steel Beam,EN 10025 S275,152 x 152 x 23 UC,,kg,1900.22
Superstructure,Frame and Slab,Steel Beam,EN 10025 S275,5,,kg,5306
Superstructure,Frame and Slab,Steel Beam,EN 10025 S275,152 x 152 x 23 UC,,kg,4066.88
Superstructure,Frame and Slab,Steel Beam,EN 10025 S275,5,,kg,3144.2
Superstructure,Frame and Slab,Steel Beam,S355,5,,kg,3816.37
Superstructure,Frame and Slab,Steel Beam,S355,152 x 152 x 23 UC,,kg,4386
Superstructure,Frame and Slab,Steel Beam,S355,152 x 152 x 23 UC,,kg,4822.61
Superstructure,Frame and Slab,Steel Beam,S355,5,,kg,1160.7
Superstructure,Frame and Slab,Steel Beam,S355,152 x 152 x 23 UC,,kg,3756
Superstructure,Frame and Slab,Steel Beam,S355,152 x 152 x 23 UC,,kg,4658
Superstructure,Frame and Slab,Steel Beam,S355,152 x 152 x 23 UC,,kg,2303.9
Superstructure,Frame and Slab,Steel Beam,S355,5,,kg,1266.7
Superstructure,Frame and Slab,Steel Beam,S355,5,,kg,5715.483
Superstructure,Frame and Slab,Steel Beam,S355,152 x 152 x 23 UC,,kg,247.632
Superstructure,Frame and Slab,Steel Beam,S355,152 x 152 x 23 UC,,kg,1316.1
Superstructure,Frame and Slab,Steel Beam,S355,5,,kg,3586
Superstructure,Frame and Slab,Steel Beam,S355,5,,kg,6491
Superstructure,Frame and Slab,Steel Beam,S355,152 x 152 x 23 UC,,kg,1976.108
Superstructure,Frame and Slab,Steel Beam,S355,152 x 152 x 23 UC,,kg,1585.37
Superstructure,Frame and Slab,Steel Beam,S355,152 x 152 x 23 UC,,kg,750.479
Superstructure,Frame and Slab,Steel Beam,S355,152 x 152 x 23 UC,,kg,9974.16
Superstructure,Frame and Slab,Steel Beam,S355,5,,kg,3855
Superstructure,Frame and Slab,Steel Beam,S355,5,,kg,2259.5
Superstructure,Frame and Slab,Steel Beam,S355,152 x 152 x 23 UC,,kg,4753.83
Superstructure,Frame and Slab,Steel Beam,S355,5,,kg,8000.586
Superstructure,Frame and Slab,Steel Beam,S355,152 x 152 x 23 UC,,kg,9801.84
Superstructure,Frame and Slab,Steel Beam,S355,152 x 152 x 23 UC,,kg,3145.287
Superstructure,Frame and Slab,Steel Beam,S355,152 x 152 x 23 UC,,kg,2425.8
Superstructure,Frame and Slab,Steel Beam,S355,5,,kg,1348.4
Superstructure,Frame and Slab,Steel Beam,S355,5,,kg,5510
Superstructure,Frame and Slab,Steel Beam,S355,5,,kg,5719.4
Superstructure,Frame and Slab,Steel Column,BS4360 Grade 43A,5,,kg,839.95
Superstructure,Frame and Slab,Steel Column,BS4360 Grade 43A,5,,kg,6536.378
Superstructure,Frame and Slab,Steel Column,BS4360 Grade 43A,5,,kg,2987.9
Superstructure,Frame and Slab,Steel Column,BS4360 Grade 43A,5,,kg,3568.43
Superstructure,Frame and Slab,Steel Column,BS4360 Grade 43A,152 x 152 x 23 UC,,kg,171.98
Superstructure,Frame and Slab,Steel Column,BS4360 Grade 43A,5,,kg,8220.2
Superstructure,Frame and Slab,Steel Column,BS4360 Grade 43A,5,,kg,8806.1
Superstructure,Frame and Slab,Steel Column,BS4360 Grade 43A,5,,kg,5910.62
Superstructure,Frame and Slab,Steel Column,BS4360 Grade 43A,5,,kg,239.9
Superstructure,Frame and Slab,Steel Column,BS4360 Grade 43A,5,,kg,3652.4
Superstructure,Frame and Slab,Steel Column,BS4360 Grade 43A,5,,kg,7057.82
Superstructure,Frame and Slab,Steel Column,BS4360 Grade 43A,152 x 152 x 23 UC,,kg,8011.62
Superstructure,Frame and Slab,Steel Column,BS4360 Grade 43A,5,,kg,2860.747
Superstructure,Frame and Slab,Steel Column,BS4360 Grade 43A,5,,kg,1247.34
Superstructure,Frame and Slab,Steel Column,BS4360 Grade 43A,152 x 152 x 23 UC,,kg,1642.52
Superstructure,Frame and Slab,Steel Column,BS4360 Grade 43A,152 x 152 x 23 UC,,kg,9588.8
Superstructure,Frame and Slab,Steel Column,BS4360 Grade 43A,5,,kg,9180.6
Superstructure,Frame and Slab,Steel Column,BS4360 Grade 43A,152 x 152 x 23 UC,,kg,3603.2
Superstructure,Frame and Slab,Steel Column,BS4360 Grade 43A,152 x 152 x 23 UC,,kg,8219.9
Superstructure,Frame and Slab,Steel Column,BS4360 Grade 43A,5,,kg,4823
Superstructure,Frame and Slab,Steel Column,BS4360 Grade 43A,5,,kg,3495.3
Superstructure,Frame and Slab,Steel Column,BS4360 Grade 43A,152 x 152 x 23 UC,,kg,8581.91
Superstructure,Frame and Slab,Steel Column,EN 10025 S275,5,,kg,3432.62
Superstructure,Frame and Slab,Steel Column,EN 10025 S275,152 x 152 x 23 UC,,kg,9041.8
Superstructure,Frame and Slab,Steel Column,EN 10025 S275,152 x 152 x 23 UC,,kg,1577.6
Superstructure,Frame and Slab,Steel Column,EN 10025 S275,5,,kg,8283.186
Superstructure,Frame and Slab,Steel Column,EN 10025 S275,152 x 152 x 23 UC,,kg,9158.5
Superstructure,Frame and Slab,Steel Column,EN 10025 S275,152 x 152 x 23 UC,,kg,2593.4
Superstructure,Frame and Slab,Steel Column,EN 10025 S275,152 x 152 x 23 UC,,kg,8275
Superstructure,Frame and Slab,Steel Column,EN 10025 S275,5,,kg,5342.4
Superstructure,Frame and Slab,Steel Column,EN 10025 S275,5,,kg,1851.5
Superstructure,Frame and Slab,Steel Column,EN 10025 S275,152 x 152 x 23 UC,,kg,3756.42
Superstructure,Frame and Slab,Steel Column,EN 10025 S275,152 x 152 x 23 UC,,kg,4004.94
Superstructure,Frame and Slab,Steel Column,EN 10025 S275,5,,kg,8905.657
Superstructure,Frame and Slab,Steel Column,EN 10025 S275,152 x 152 x 23 UC,,kg,5635.5
Superstructure,Frame and Slab,Steel Column,EN 10025 S275,152 x 152 x 23 UC,,kg,8617
Superstructure,Frame and Slab,Steel Column,EN 10025 S275,5,,kg,4223.399
Superstructure,Frame and Slab,Steel Column,EN 10025 S275,5,,kg,1012.27
Superstructure,Frame and Slab,Steel Column,S355,152 x 152 x 23 UC,,kg,3827.12
Superstructure,Frame and Slab,Steel Column,S355,5,,kg,7254.098
Superstructure,Frame and Slab,Steel Column,S355,5,,kg,1118
Superstructure,Frame and Slab,Steel Column,S355,5,,kg,1680
Superstructure,Frame and Slab,Steel Column,S355,152 x 152 x 23 UC,,kg,5329
Superstructure,Frame and Slab,Steel Column,S355,5,,kg,5458.3
Superstructure,Frame and Slab,Steel Column,S355,5,,kg,3886.713
Superstructure,Frame and Slab,Steel Column,S355,5,,kg,9374.6
Superstructure,Frame and Slab,Steel Column,S355,5,,kg,2793.6
Superstructure,Frame and Slab,Steel Column,S355,5,,kg,8209.05
Superstructure,Frame and Slab,Steel Column,S355,152 x 152 x 23 UC,,kg,820.84
Superstructure,Frame and Slab,Steel Column,S355,152 x 152 x 23 UC,,kg,343.11
Superstructure,Frame and Slab,Steel Column,S355,5,,kg,9251.157
Superstructure,Frame and Slab,Steel Column,S355,5,,kg,9629.75
Superstructure,Frame and Slab,Steel Column,S355,152 x 152 x 23 UC,,kg,2004
Superstructure,Frame and Slab,Steel Staircase,BS4360 Grade 43A,5,,kg,6561
Superstructure,Frame and Slab,Steel Staircase,BS4360 Grade 43A,5,,kg,4241
Superstructure,Frame and Slab,Steel Staircase,BS4360 Grade 43A,5,,kg,4201.5
Superstructure,Frame and Slab,Steel Staircase,BS4360 Grade 43A,5,,kg,728.311
Superstructure,Frame and Slab,Steel Staircase,BS4360 Grade 43A,5,,kg,9044.036
Superstructure,Frame and Slab,Steel Staircase,BS4360 Grade 43A,152 x 152 x 23 UC,,kg,9118.96
Superstructure,Frame and Slab,Steel Staircase,BS4360 Grade 43A,152 x 152 x 23 UC,,kg,7312.2
Superstructure,Frame and Slab,Steel Staircase,BS4360 Grade 43A,5,,kg,7161.063
Superstructure,Frame and Slab,Steel Staircase,BS4360 Grade 43A,5,,kg,2643.919
Superstructure,Frame and Slab,Steel Staircase,BS4360 Grade 43A,5,,kg,8076.07
Superstructure,Frame and Slab,Steel Staircase,BS4360 Grade 43A,5,,kg,7328
Superstructure,Frame and Slab,Steel Staircase,BS4360 Grade 43A,152 x 152 x 23 UC,,kg,1464.2
Superstructure,Frame and Slab,Steel Staircase,EN 10025 S275,152 x 152 x 23 UC,,kg,7669
Superstructure,Frame and Slab,Steel Staircase,EN 10025 S275,152 x 152 x 23 UC,,kg,3506.8
Superstructure,Frame and Slab,Steel Staircase,EN 10025 S275,5,,kg,5827.03
Superstructure,Frame and Slab,Steel Staircase,EN 10025 S275,152 x 152 x 23 UC,,kg,2041.756
Superstructure,Frame and Slab,Steel Staircase,EN 10025 S275,152 x 152 x 23 UC,,kg,1606.2
Superstructure,Frame and Slab,Steel Staircase,EN 10025 S275,152 x 152 x 23 UC,,kg,5628.458
Superstructure,Frame and Slab,Steel Staircase,EN 10025 S275,5,,kg,191.012
Superstructure,Frame and Slab,Steel Staircase,EN 10025 S275,152 x 152 x 23 UC,,kg,2758
Superstructure,Frame and Slab,Steel Staircase,EN 10025 S275,5,,kg,3777.85
Superstructure,Frame and Slab,Steel Staircase,EN 10025 S275,152 x 152 x 23 UC,,kg,5727.4
Superstructure,Frame and Slab,Steel Staircase,EN 10025 S275,5,,kg,6733.415
Superstructure,Frame and Slab,Steel Staircase,EN 10025 S275,152 x 152 x 23 UC,,kg,7570
Superstructure,Frame and Slab,Steel Staircase,EN 10025 S275,152 x 152 x 23 UC,,kg,1064
Superstructure,Frame and Slab,Steel Staircase,EN 10025 S275,5,,kg,5100.17
Superstructure,Frame and Slab,Steel Staircase,EN 10025 S275,5,,kg,5615
Superstructure,Frame and Slab,Steel Staircase,EN 10025 S275,5,,kg,1215
Superstructure,Frame and Slab,Steel Staircase,EN 10025 S275,152 x 152 x 23 UC,,kg,7517.46
Superstructure,Frame and Slab,Steel Staircase,EN 10025 S275,152 x 152 x 23 UC,,kg,4580.74
Superstructure,Frame and Slab,Steel Staircase,EN 10025 S275,152 x 152 x 23 UC,,kg,3046.52
Superstructure,Frame and Slab,Steel Staircase,EN 10025 S275,152 x 152 x 23 UC,,kg,2820.2
Superstructure,Frame and Slab,Steel Staircase,EN 10025 S275,152 x 152 x 23 UC,,kg,9122.55
Superstructure,Frame and Slab,Steel Staircase,EN 10025 S275,152 x 152 x 23 UC,,kg,9799.05
Superstructure,Frame and Slab,Steel Staircase,S355,152 x 152 x 23 UC,,kg,7027.62
Superstructure,Frame and Slab,Steel Staircase,S355,5,,kg,6267.64
Superstructure,Frame and Slab,Steel Staircase,S355,152 x 152 x 23 UC,,kg,4319.09
Superstructure,Frame and Slab,Steel Staircase,S355,152 x 152 x 23 UC,,kg,3413.67
Superstructure,Frame and Slab,Steel Staircase,S355,5,,kg,7123.5
Superstructure,Frame and Slab,Steel Staircase,S355,152 x 152 x 23 UC,,kg,6374
Superstructure,Frame and Slab,Steel Staircase,S355,5,,kg,5764
Superstructure,Frame and Slab,Steel Staircase,S355,152 x 152 x 23 UC,,kg,5724
Superstructure,Frame and Slab,Steel Staircase,S355,152 x 152 x 23 UC,,kg,9514.21
Superstructure,Frame and Slab,Steel Staircase,S355,152 x 152 x 23 UC,,kg,8179.949
Superstructure,Frame and Slab,Steel Staircase,S355,152 x 152 x 23 UC,,kg,8927
Superstructure,Frame and Slab,Steel Staircase,S355,152 x 152 x 23 UC,,kg,8835.6
Superstructure,Frame and Slab,Structural Wall,Cast in-situ,G40,Lift Core Wall,m3,6263.6
Superstructure,Frame and Slab,Structural Wall,Cast in-situ,G40,Lift Core Wall,m3,7355
Superstructure,Frame and Slab,Structural Wall,Cast in-situ,G40,Lift Core Wall,m3,9831.95
Superstructure,Frame and Slab,Structural Wall,Cast in-situ,35,Lift Core Wall,m3,2810.1
Superstructure,Frame and Slab,Structural Wall,Cast in-situ,G30,Lift Core Wall,m3,5074
Superstructure,Frame and Slab,Structural Wall,Cast in-situ,G30,Lift Core Wall,m3,9912.17
Superstructure,Frame and Slab,Structural Wall,Cast in-situ,G40,Parapet Wall,m3,1583.124
Superstructure,Frame and Slab,Structural Wall,Cast in-situ,G40,Planter Wall,m3,6948.46
Superstructure,Frame and Slab,Structural Wall,Cast in-situ,35,Planter Wall,m3,3930.7
Superstructure,Frame and Slab,Structural Wall,Cast in-situ,G30,Planter Wall,m3,2109.6
Superstructure,Frame and Slab,Structural Wall,Cast in-situ,G40,Planter Wall,m3,6256.08
Superstructure,Frame and Slab,Structural Wall,Cast in-situ,G40,Ramp Wall,m3,3417.35
Superstructure,Frame and Slab,Structural Wall,Cast in-situ,G40,Ramp Wall,m3,8235
Superstructure,Frame and Slab,Structural Wall,Cast in-situ,G30,Ramp Wall,m3,8936.657
Superstructure,Frame and Slab,Structural Wall,Cast in-situ,G40,Ramp Wall,m3,7355.97
Superstructure,Frame and Slab,Structural Wall,Cast in-situ,G40,Ramp Wall,m3,2086.425
Superstructure,Frame and Slab,Structural Wall,Cast in-situ,35,Ramp Wall,m3,5755.1
Superstructure,Frame and Slab,Structural Wall,Castinsitu,35,Lift Core Wall,m3,5299
Superstructure,Frame and Slab,Structural Wall,Castinsitu,G30,Lift Core Wall,m3,5014.9
Superstructure,Frame and Slab,Structural Wall,Castinsitu,G30,Lift Core Wall,m3,5578.5
Superstructure,Frame and Slab,Structural Wall,Castinsitu,G30,Parapet Wall,m3,1340.16
Superstructure,Frame and Slab,Structural Wall,Castinsitu,35,Parapet Wall,m3,6380.797
Superstructure,Frame and Slab,Structural Wall,Castinsitu,G30,Parapet Wall,m3,7163.395
Superstructure,Frame and Slab,Structural Wall,Castinsitu,35,Parapet Wall,m3,3540.6
Superstructure,Frame and Slab,Structural Wall,Castinsitu,G40,Planter Wall,m3,8755.8
Superstructure,Frame and Slab,Structural Wall,Castinsitu,35,Planter Wall,m3,5633.836
Superstructure,Frame and Slab,Structural Wall,Castinsitu,35,Planter Wall,m3,5213.906
Superstructure,Frame and Slab,Structural Wall,Castinsitu,35,Planter Wall,m3,2790.56
Superstructure,Frame and Slab,Structural Wall,Castinsitu,G40,Planter Wall,m3,2543.08
Superstructure,Frame and Slab,Structural Wall,Castinsitu,35,Planter Wall,m3,2700
Superstructure,Frame and Slab,Structural Wall,Castinsitu,G40,Planter Wall,m3,525.7
Superstructure,Frame and Slab,Structural Wall,Castinsitu,G40,Planter Wall,m3,2718.9
Superstructure,Frame and Slab,Structural Wall,Castinsitu,35,Ramp Wall,m3,5707
Superstructure,Frame and Slab,Structural Wall,Castinsitu,35,Ramp Wall,m3,6308.809
Superstructure,Frame and Slab,Structural Wall,Castinsitu,G30,Ramp Wall,m3,3982
Superstructure,Frame and Slab,Structural Wall,Castinsitu,G40,Ramp Wall,m3,7918.35
Superstructure,Frame and Slab,Structural Wall,Precast,G40,Lift Core Wall,m3,5346
Superstructure,Frame and Slab,Structural Wall,Precast,G40,Lift Core Wall,m3,1050.8
Superstructure,Frame and Slab,Structural Wall,Precast,G40,Lift Core Wall,m3,4160.416
Superstructure,Frame and Slab,Structural Wall,Precast,35,Parapet Wall,m3,1343.7
Superstructure,Frame and Slab,Structural Wall,Precast,G30,Parapet Wall,m3,3721.4
Superstructure,Frame and Slab,Structural Wall,Precast,G40,Parapet Wall,m3,9080
Superstructure,Frame and Slab,Structural Wall,Precast,G30,Planter Wall,m3,1531.776
Superstructure,Frame and Slab,Structural Wall,Precast,35,Planter Wall,m3,2728.6
Superstructure,Frame and Slab,Structural Wall,Precast,G30,Planter Wall,m3,6161
Superstructure,Frame and Slab,Structural Wall,Precast,G40,Planter Wall,m3,3858
Superstructure,Frame and Slab,Structural Wall,Precast,G40,Ramp Wall,m3,9483
Superstructure,Frame and Slab,Structural Wall,Precast,35,Ramp Wall,m3,7310.92
