Cost Code,Main Category 1,Main Category 2,Item,Sub Category 1,Sub Category 2,Sub Category 3,Unit,Rate,Description
FMT5DX3B,Substructure,Foundation,Column Base,35,,,m3,22752.4,N2AA8J 9K S4JMCU9
GL1YGC,Substructure,Foundation,Column Base,35,,,m3,26313.77,1WEA5OL  IDLCE
4VPG2FZUI,Substructure,Foundation,Column Base,35,,,m3,17756.34,C9G42ANT GF LV1
DY3S02QZ,Substructure,Foundation,Column Base,35,,,m3,18454.126,3QOFL4GXO  7F8H
G3W3ESUE,Substructure,Foundation,Column Base,35,,,m3,19459.695,9FY7CQ XN 
0LMNZ81F1,Substructure,Foundation,Column Base,35,,,m3,36737.0,83COZ1 6G RFYL7P
E0FZBX24,Substructure,Foundation,Column Base,35,,,m3,18679.9,HE4DQU UZ 6N
TT5Z79,Substructure,Foundation,Column Base,35,,,m3,32759.43,9Q0RWGW9 5J Y23T
2OY1ICFS,Substructure,Foundation,Column Base,35,,,m3,18017.89,ZCHNPHNM9 Y 
SGT69ZVJ,Substructure,Foundation,Column Base,G30,,,m3,13376.0,XHIHI1K4  N
RQ65XTW8,Substructure,Foundation,Column Base,G30,,,m3,17015.73,9A1Y136  BYJK
7NC04R,Substructure,Foundation,Column Base,G30,,,m3,8327.574,B1OI5L 5 98
BDYN938,Substructure,Foundation,Column Base,G30,,,m3,12042.0,AC643LN 9 IHF
JWSPUS,Substructure,Foundation,Column Base,G30,,,m3,20059.2,XQR7OKI26  
IKE1FRCF2,Substructure,Foundation,Column Base,G30,,,m3,13018.8,4DL9SDO8 DS VPGPXLE
HJ4TBPO5T,Substructure,Foundation,Column Base,G30,,,m3,31259.95,9D1D14H7T E IDRC
M0OUS9P18,Substructure,Foundation,Column Base,G30,,,m3,34542.958,967RBU17O H RL
SF5BTJ9I9,Substructure,Foundation,Column Base,G30,,,m3,1903.639,2GDD7D 6D 41VV1
0VIRPH,Substructure,Foundation,Column Base,G30,,,m3,3774.5,KB8FON1PE  2EZX3H
FHJ27PF,Substructure,Foundation,Column Base,G30,,,m3,26611.852,XGA18QG  V2COJKO
R64YOG,Substructure,Foundation,Column Base,G30,,,m3,10033.11,ZE314VMW  RZ31QKJ
SZRQQ6FO,Substructure,Foundation,Column Base,G40,,,m3,20266.863,BVFZ9RM 14 FXL7EQ
ORAKM07O8,Substructure,Foundation,Column Base,G40,,,m3,18791.6,0DMMS6BWN W5 3UH8SEQ
UTCX158,Substructure,Foundation,Column Base,G40,,,m3,28591.0,M0XP82 SC VNWE
71SNHLX4,Substructure,Foundation,Column Base,G40,,,m3,14208.6,THT0Y0V0R XO EJO
L40ISFNS,Substructure,Foundation,Column Base,G40,,,m3,16804.44,U7UNFRG9V  J7Q
41G5S3Z,Substructure,Foundation,Column Base,G40,,,m3,18509.6,F3NTE7  U4
J66FIT6H,Substructure,Foundation,Column Base,G40,,,m3,29993.0,XY9SU7 P4 976PWV
KBKX78,Substructure,Foundation,Column Base,G40,,,m3,39856.64,602871O 4 Q8
FVR9QUHBA,Substructure,Foundation,Column Base,G40,,,m3,26827.901,RJ1UNK4 PC M
XS6Q6I,Substructure,Foundation,Column Base,G40,,,m3,18579.3,F1LOXJ 6B O8J4
PENST1K4,Substructure,Foundation,Column Base,G40,,,m3,32923.9,0EMK4OEF KA VVSJH
0TTOBJ7,Substructure,Foundation,Column Base,G40,,,m3,24809.578,IM01F1T A QKC4L
YPZCK5W32,Substructure,Foundation,Column Base,G40,,,m3,1815.4,9J16U7G S O
PNR7R2IHH,Substructure,Foundation,Column Base,G40,,,m3,25040.9,OLCOIRSD JH H
PPNMK737W,Substructure,Foundation,Column Base,G40,,,m3,39961.0,E6MQVTD94 1G 1XJ
AZEL4N2C,Substructure,Foundation,Column Base,G40,,,m3,32117.92,8PMIZ49QO  WP
LILVGNLW,Substructure,Foundation,Pile Cap,35,,,m3,14754.692,H1DELO6 4J 2RV2XK
YAHZQCA,Substructure,Foundation,Pile Cap,35,,,m3,10117.0,9I7WQH 2 0
G2JVC2,Substructure,Foundation,Pile Cap,35,,,m3,5904.45,V3O7J1SR  N6NB
J90JYY4ZH,Substructure,Foundation,Pile Cap,35,,,m3,878.9,ICTWT80 W U9I1H7
24A8XE3O,Substructure,Foundation,Pile Cap,35,,,m3,9023.28,MGY51SD W 
LEDIX6G0,Substructure,Foundation,Pile Cap,35,,,m3,21211.0,OLH8KKC  EZLI
L5TJC1PH,Substructure,Foundation,Pile Cap,35,,,m3,37742.0,4XV7SXE4D  XIB
1076UJY,Substructure,Foundation,Pile Cap,35,,,m3,32576.5,39NJ7MG02 5F 57V
9DJVPJ3,Substructure,Foundation,Pile Cap,35,,,m3,15526.0,I4LONJ 03 
XAO8QM6,Substructure,Foundation,Pile Cap,35,,,m3,18167.53,ULHCK1IA6  QQ9T
WWLCSGYMZ,Substructure,Foundation,Pile Cap,35,,,m3,549.73,XUXQCIHY  G
LPL6I2S,Substructure,Foundation,Pile Cap,35,,,m3,17893.38,U1B8UCYF O 8ALQ
ZQ5E4PDQ5,Substructure,Foundation,Pile Cap,G30,,,m3,20809.96,6D7143OA9 UR KXQIRQ
RGXDND9,Substructure,Foundation,Pile Cap,G30,,,m3,31190.0,16Q2OBT  
8HRPO0L,Substructure,Foundation,Pile Cap,G30,,,m3,6236.0,TVJM4ET2L  ACEO
679Z97,Substructure,Foundation,Pile Cap,G30,,,m3,23033.7,TMSL3I7I TJ 6
MNTJN2JNO,Substructure,Foundation,Pile Cap,G30,,,m3,1558.7,VIDRK6 AY E8F
5MQWRVY1,Substructure,Foundation,Pile Cap,G30,,,m3,3142.0,IMKU0K 3 
8PQ14FW,Substructure,Foundation,Pile Cap,G30,,,m3,37059.0,BZ72LGH 1A X5Z
DHUM06CB,Substructure,Foundation,Pile Cap,G30,,,m3,2886.99,9LPUE4MU  YH
RL29Q4I,Substructure,Foundation,Pile Cap,G30,,,m3,21215.0,27ONXL77 G 
9PA6F72F,Substructure,Foundation,Pile Cap,G30,,,m3,22740.8,2KFRIR C SLU6F2
EDZP2234,Substructure,Foundation,Pile Cap,G30,,,m3,25076.4,Z8QFV4P 40 B6OXE
B2RM74VI3,Substructure,Foundation,Pile Cap,G30,,,m3,17598.0,ZFNO2M I Q5D
9FTHZ0K,Substructure,Foundation,Pile Cap,G30,,,m3,5035.9,U02LWTX  VID31L0
GNZ6O701,Substructure,Foundation,Pile Cap,G30,,,m3,23712.645,J4AO7FY 7 VHZS6T
PFSXCG5,Substructure,Foundation,Pile Cap,G30,,,m3,36627.47,SOIH9E 8 
IP5R9NJ7,Substructure,Foundation,Pile Cap,G30,,,m3,38007.0,5KDL3Y5V H 109SRN
0LS4PU,Substructure,Foundation,Pile Cap,G40,,,m3,22861.291,JEZYMK TI P
X747JQE,Substructure,Foundation,Pile Cap,G40,,,m3,30596.8,173W5MFZR 6W ZMU
LTXGL1ASX,Substructure,Foundation,Pile Cap,G40,,,m3,1116.4,4ERZEIV LV XUVF
IWWXOS,Substructure,Foundation,Pile Cap,G40,,,m3,29672.1,5CP2OY9C0  B9M
91SU74,Substructure,Foundation,Pile Cap,G40,,,m3,31839.86,RDIGEX D Q4
8VXRUQ,Substructure,Foundation,Pile Cap,G40,,,m3,17387.462,GL656VL0 P F3Q
4L7QKCVTB,Substructure,Foundation,Pile Cap,G40,,,m3,33331.0,VRU2EYLC3  2BDXIO
T1RTLDQM6,Substructure,Foundation,Pile Cap,G40,,,m3,23504.13,XO90Q0JN F 7Z93OLX
BIPEDTXVE,Substructure,Foundation,Pile Cap,G40,,,m3,35447.316,R7DVJXL  R
ZFDBPBUN,Substructure,Foundation,Pile Cap,G40,,,m3,2160.97,Z0QYWA K TXNIVXV
82SHBU4X,Substructure,Foundation,Raft Footing,35,,,m3,37657.0,1J9633D  OA8DLJ
LT3D5CP,Substructure,Foundation,Raft Footing,35,,,m3,26686.13,SJCK73MJ MP O
AZA0ABP4Z,Substructure,Foundation,Raft Footing,35,,,m3,39622.989,BPSTB0SZ0  4M6P
XDYOJPP28,Substructure,Foundation,Raft Footing,35,,,m3,17216.6,WQF16TZRH 5J 
IQHJ0N,Substructure,Foundation,Raft Footing,35,,,m3,31373.3,PCXML3DN QP 89TJ49K
O2AME8,Substructure,Foundation,Raft Footing,35,,,m3,10523.391,8AXABPA87 E LLKX
PYS2PVX71,Substructure,Foundation,Raft Footing,35,,,m3,13309.9,MM8WC5WI 2A 6
LYI718,Substructure,Foundation,Raft Footing,35,,,m3,21679.0,7IIN9BW 7 9
8SYVJI,Substructure,Foundation,Raft Footing,35,,,m3,39013.0,J9CZ9AVM  KIMBS96
BMOYIPVMX,Substructure,Foundation,Raft Footing,35,,,m3,1442.386,Y5SVQ5PP1 O AT9
VYZ3XJ5S0,Substructure,Foundation,Raft Footing,35,,,m3,23466.6,HGX4FAFP  3U
YPT6A70LE,Substructure,Foundation,Raft Footing,35,,,m3,28198.57,MFYXVIHVG  IQCB8
M8C8WA5,Substructure,Foundation,Raft Footing,35,,,m3,7739.1,LFFMPV 75 AVJ
VNFWCZPT,Substructure,Foundation,Raft Footing,G30,,,m3,22779.649,3T3JEB1 Z 
AYMMK4S,Substructure,Foundation,Raft Footing,G30,,,m3,6095.5,75E9EGF4M  6Q6GDJ1
0I4R88WC,Substructure,Foundation,Raft Footing,G30,,,m3,31117.0,FXRBUU W 5L
PQ7V6PAF6,Substructure,Foundation,Raft Footing,G30,,,m3,2018.8,0XGFJKY9 0S J3N3
HRJBRJR,Substructure,Foundation,Raft Footing,G30,,,m3,39648.67,UE2MZF5  MM4
QBDAXL,Substructure,Foundation,Raft Footing,G30,,,m3,32257.0,FUU9V9 0L E0TTV9
77B8VWY2S,Substructure,Foundation,Raft Footing,G30,,,m3,20615.44,HU38ET V MA16U
2XACM3T,Substructure,Foundation,Raft Footing,G30,,,m3,8564.54,97W4LGQ 1 W
AA83EHNFF,Substructure,Foundation,Raft Footing,G30,,,m3,6452.6,CMXMJ0V 1 RXOJIYO
75PG6QDX,Substructure,Foundation,Raft Footing,G30,,,m3,27879.0,637ONGFT1 A BX
ES1VD6,Substructure,Foundation,Raft Footing,G40,,,m3,29477.0,41G3K0  TIS
ZIE45JYU6,Substructure,Foundation,Raft Footing,G40,,,m3,22890.894,INYF8ZIVJ S U49XM7
9H2CND,Substructure,Foundation,Raft Footing,G40,,,m3,14519.828,OPKLK4VX  2
IFMFKG2E,Substructure,Foundation,Raft Footing,G40,,,m3,39678.16,8HBDQ7 J2 
HB48I8IUG,Substructure,Foundation,Raft Footing,G40,,,m3,23986.0,2H4Q13D6S V O
DGEZ622D5,Substructure,Foundation,Raft Footing,G40,,,m3,1235.8,POVONFZK  4
SMJB0M7,Substructure,Foundation,Raft Footing,G40,,,m3,67.5,A9EGH0Z G 4
PN8TMBD,Substructure,Foundation,Raft Footing,G40,,,m3,21111.0,TEE41IJL 9 XYYPS
YDM6W26,Substructure,Foundation,Raft Footing,G40,,,m3,32790.0,K0TKJ4N 1 BU7
SJCF5O0,Substructure,Foundation,Raft Footing,G40,,,m3,4788.0,R00JTTUKI  F9TU
AK6L1TKWM,Substructure,Foundation,Substructure Beam,35,,,m3,5838.0,VXTHLY F 
MK8WQB8D4,Substructure,Foundation,Substructure Beam,35,,,m3,37267.961,K4L7AZ G 
87LP6VJ,Substructure,Foundation,Substructure Beam,35,,,m3,12905.0,BBUJ7DY W E1M7WB
SHA1UMRF,Substructure,Foundation,Substructure Beam,35,,,m3,37308.96,JNLRYGQ2 3L 
Y66D12U,Substructure,Foundation,Substructure Beam,35,,,m3,21814.862,TX1AIEA XA X
YCRSOO,Substructure,Foundation,Substructure Beam,35,,,m3,4381.86,PYYK1GO  7FV
Y6LNIB9,Substructure,Foundation,Substructure Beam,35,,,m3,34991.59,192FMVU9Z  5SUW
XIT5HTY,Substructure,Foundation,Substructure Beam,35,,,m3,12917.363,W5TJZI86E 6 CO
3B0NF8L,Substructure,Foundation,Substructure Beam,35,,,m3,24824.9,SAFW4C K 7BE5A
L87ZXF,Substructure,Foundation,Substructure Beam,35,,,m3,20455.28,EVI046T8 OU C1GFMY
8GR35A,Substructure,Foundation,Substructure Beam,35,,,m3,15534.0,G3UBYBA V0 I0N5G
8SN126ZE,Substructure,Foundation,Substructure Beam,G30,,,m3,26372.0,CNQL01 T Y0Z
1WI1CPOF,Substructure,Foundation,Substructure Beam,G30,,,m3,18366.0,HS6PTOUE 9 4U
E07NL8,Substructure,Foundation,Substructure Beam,G30,,,m3,31998.78,TNIO0TOJ9 4 ZF5V8WN
QHBQYTW7,Substructure,Foundation,Substructure Beam,G30,,,m3,31416.7,56O7LS HT JXG
EC8D1S,Substructure,Foundation,Substructure Beam,G30,,,m3,29243.8,L3K025QX 36 1P00SD
OVZHYLY,Substructure,Foundation,Substructure Beam,G40,,,m3,31106.0,ZXSLEVW  
WNG51ID,Substructure,Foundation,Substructure Beam,G40,,,m3,13962.36,7S2J9IOS XQ 1
2S0Q0A5,Substructure,Foundation,Substructure Beam,G40,,,m3,19817.4,7K76ARA I5 1
TKQOL37TA,Substructure,Foundation,Substructure Beam,G40,,,m3,22236.78,TJNHEKDR  
RDLPZS7,Substructure,Foundation,Substructure Beam,G40,,,m3,18020.5,WNL8126 S TK8EM
3FQE9U,Substructure,Foundation,Substructure Beam,G40,,,m3,22961.576,V7AMAIL  8GSMV
U49YD39,Substructure,Foundation,Substructure Column,35,,,m3,23456.6,WSEP1W MX KX0NA
ZLKKFA,Substructure,Foundation,Substructure Column,35,,,m3,13687.0,DMYUT4C16 3I W4JA
IY4CLEWM,Substructure,Foundation,Substructure Column,35,,,m3,21130.201,X9B2265A  
7UE9LU,Substructure,Foundation,Substructure Column,35,,,m3,5237.238,O872I02 RC 6R4S7
T6Q00F,Substructure,Foundation,Substructure Column,35,,,m3,13267.46,9H8ZV49 85 KS3S8
67VZYCQ7,Substructure,Foundation,Substructure Column,35,,,m3,1455.3,LWP470SG V7 A
RG106KT,Substructure,Foundation,Substructure Column,35,,,m3,23504.0,0I1CGJMC8 0 DXQ35KG
6XLNIW,Substructure,Foundation,Substructure Column,35,,,m3,33669.782,QEKWWUWJB AY K7XSBD
QUKD2UT,Substructure,Foundation,Substructure Column,35,,,m3,2360.3,ZYBBBS YF F8X
5S8YLNA4Q,Substructure,Foundation,Substructure Column,35,,,m3,3562.836,8TAMF3T6 CF GKSAQ
PGGYTL,Substructure,Foundation,Substructure Column,35,,,m3,7526.0,GX4D1I9T Y RJELN9
UCDONTVI,Substructure,Foundation,Substructure Column,35,,,m3,7451.2,LOZNQE J W
Q0CJ6CM,Substructure,Foundation,Substructure Column,35,,,m3,530.169,VL7H3CG W P5W
PDK77AK0R,Substructure,Foundation,Substructure Column,35,,,m3,7352.9,W55733X 9V 0USARR4
8NIS1D6,Substructure,Foundation,Substructure Column,G30,,,m3,38752.6,C3A4M7 BL 9GHK3II
ABVD2V4,Substructure,Foundation,Substructure Column,G30,,,m3,3299.28,K1GM561 U 
TG9UE2,Substructure,Foundation,Substructure Column,G30,,,m3,26436.348,L9ZAUDI8  S
5H1VNEYXQ,Substructure,Foundation,Substructure Column,G30,,,m3,11365.107,Q2ZOUN 3V ZHR
POZIWANZ,Substructure,Foundation,Substructure Column,G30,,,m3,4151.2,YZU9JTP NI G7L3AI1
7Y23QMN31,Substructure,Foundation,Substructure Column,G30,,,m3,39285.0,KUEE2EE  A9J3
MSCP2I11,Substructure,Foundation,Substructure Column,G30,,,m3,6034.0,OJ2K5L D 8N39
Z9TC8DT1O,Substructure,Foundation,Substructure Column,G30,,,m3,2207.7,JE0J7IPHF W F4M
JL80H4,Substructure,Foundation,Substructure Column,G30,,,m3,36896.1,7VKNHGF 4 
JKVILWCHV,Substructure,Foundation,Substructure Column,G40,,,m3,19035.197,PVYZ6G9Z4  PO2
AJ04JMUD,Substructure,Foundation,Substructure Column,G40,,,m3,464.5,008824  W
SLIV0NP5,Substructure,Foundation,Substructure Column,G40,,,m3,6269.67,8KLDO5K7 GZ 8V7C
8AJP61,Substructure,Foundation,Substructure Column,G40,,,m3,16006.0,HMB53TV3 MM YEQA
S2V3GX48F,Substructure,Foundation,Substructure Column,G40,,,m3,11418.0,K5763UT 02 RWAWEZP
UY8MNMMF,Substructure,Foundation,Substructure Column,G40,,,m3,36579.0,HOZ3I21T  
OC1UBYC,Substructure,Foundation,Substructure Column,G40,,,m3,295.625,CA7S4LJ  95TY26
7UKL7ZW,Substructure,Foundation,Substructure Column,G40,,,m3,7124.5,Q7CMW816X 4 PJEQ67
CJFRLA707,Substructure,Foundation,Substructure Column,G40,,,m3,9953.27,XGQ36TW74 62 4
PXYN3ISMM,Substructure,Foundation,Substructure Column,G40,,,m3,8405.216,YML3GXM2  PV
9A5C84B,Substructure,Foundation,Substructure Column,G40,,,m3,39846.19,MWIFO2B LA 
6I68HS,Substructure,Foundation,Substructure Column,G40,,,m3,29210.852,2DOI7SNE J5 IBO
GOZGPIO,Substructure,Foundation,Substructure Slab,35,,,m3,5219.5,0S2GZW AS 2Y6
4M1CQ5Y6,Substructure,Foundation,Substructure Slab,35,,,m3,17934.493,WKWWW5 4 K
SVU8O15,Substructure,Foundation,Substructure Slab,35,,,m3,29154.3,YJ4V2RD2 0 RBJGLPF
WYSJM6M,Substructure,Foundation,Substructure Slab,35,,,m3,22385.16,HG5LC8R Z 774ZKK
BZX07IRKB,Substructure,Foundation,Substructure Slab,35,,,m3,32970.0,CHKCQK6  CX
LOK13ZA67,Substructure,Foundation,Substructure Slab,35,,,m3,19415.195,T3H4KPGW  OJ
Z18INF,Substructure,Foundation,Substructure Slab,35,,,m3,10379.456,EQLF4H2M  FD
WE3KIF4LF,Substructure,Foundation,Substructure Slab,35,,,m3,295.0,JR7V83RI L 7
6BVR19U,Substructure,Foundation,Substructure Slab,35,,,m3,34262.0,22WX3HPCZ S8 5T6IY8N
82GJ2HK3,Substructure,Foundation,Substructure Slab,35,,,m3,7123.0,QAH4X8  MGV
V0FHSBQ,Substructure,Foundation,Substructure Slab,35,,,m3,39576.6,TUXEKXU 2 M
PMWHFX,Substructure,Foundation,Substructure Slab,35,,,m3,1073.11,0T8QVU7R 9 RGA1
K3L8ID,Substructure,Foundation,Substructure Slab,35,,,m3,25894.349,Z9ELIK 5X 6XO4N
OVFW3S,Substructure,Foundation,Substructure Slab,G30,,,m3,15908.7,QHCHNCQ04 PQ 1I34
RY65MG,Substructure,Foundation,Substructure Slab,G30,,,m3,32083.57,XH5MJ3CAP 8V WP92MP
R8TTJO1J,Substructure,Foundation,Substructure Slab,G30,,,m3,157.0,VZ846E1IJ 0 QW
MHNE83,Substructure,Foundation,Substructure Slab,G30,,,m3,11765.9,ZOVQTQH3S  HC2IK5
NUC0AGQT,Substructure,Foundation,Substructure Slab,G30,,,m3,22176.747,V82TK01L6  ZB
86RJC4G8,Substructure,Foundation,Substructure Slab,G30,,,m3,21600.102,4L7B01CL  BVMP4A
IVXFO0,Substructure,Foundation,Substructure Slab,G30,,,m3,24782.926,FF6O4DEL7 D OPMM7EY
IYZKWRIPW,Substructure,Foundation,Substructure Slab,G30,,,m3,7676.031,9EDM6S JW LJAY
YPND5V,Substructure,Foundation,Substructure Slab,G40,,,m3,25443.7,5MCO2B P S
1BEYPRFQ,Substructure,Foundation,Substructure Slab,G40,,,m3,25559.05,AJPDAK88H 2U 2
T2ZKJ7HT,Substructure,Foundation,Substructure Slab,G40,,,m3,24128.1,EIDBE66 SL 
W9M4HN,Substructure,Foundation,Substructure Slab,G40,,,m3,9309.57,BRDZKXF 9 7AF
0SLPEXTR,Substructure,Foundation,Substructure Slab,G40,,,m3,12536.0,CC2CWE1Q T NZF7A
2Y2SXV,Substructure,Foundation,Substructure Slab,G40,,,m3,20822.481,TXZCZZ80X  CEMC9L
R0Q2GG,Substructure,Foundation,Substructure Slab,G40,,,m3,15374.17,GOWGGDBO  
0U3M8IP,Substructure,Foundation,Substructure Slab,G40,,,m3,8908.791,D094TXY W7 
98NWUTR,Substructure,Foundation,Substructure Wall,35,,,m3,14201.0,SX89WG  LZF
FS614G,Substructure,Foundation,Substructure Wall,35,,,m3,9494.019,NK1NPAGBV S1 
3TD1JO2RD,Substructure,Foundation,Substructure Wall,35,,,m3,16773.0,GV22WP  MZ93DU
P0301CGG,Substructure,Foundation,Substructure Wall,35,,,m3,2019.6,U2CM49Y Y7 4J26GO
E0YHJPG5Y,Substructure,Foundation,Substructure Wall,35,,,m3,12510.9,HZ8M5XU0X XA 
E3G57VNN,Substructure,Foundation,Substructure Wall,35,,,m3,3493.59,9QAA0MZ7 X EQDELLA
RL0LYV,Substructure,Foundation,Substructure Wall,35,,,m3,13196.0,D5H6X2KRR U 0BJ9XQ3
3ZJWQUS,Substructure,Foundation,Substructure Wall,35,,,m3,16783.0,XOHGDO1D  0BSNW
HCUFADF,Substructure,Foundation,Substructure Wall,35,,,m3,19804.0,N3920H 0 7752PZZ
WJ540W0,Substructure,Foundation,Substructure Wall,35,,,m3,7156.34,4YEN891 MZ MUGYMG
W5PTIWUU,Substructure,Foundation,Substructure Wall,G30,,,m3,17104.2,PFAXQRR N ZM13L
JHK84H,Substructure,Foundation,Substructure Wall,G30,,,m3,29464.685,HPWWG9 Y AO49NO
0EP5NR97N,Substructure,Foundation,Substructure Wall,G30,,,m3,24569.811,1UUCUJBI0 C 0
CS4C2TFP9,Substructure,Foundation,Substructure Wall,G30,,,m3,17070.043,7HQEP78 AO 
SR0U1VPV,Substructure,Foundation,Substructure Wall,G30,,,m3,28700.0,KN9IJKM6 2G KAR
TX0Z27OPQ,Substructure,Foundation,Substructure Wall,G30,,,m3,31222.7,J2S5Y5 2P MTPV
3B4R07Q,Substructure,Foundation,Substructure Wall,G30,,,m3,2903.848,CHWKZ2QU4 9K 
YW7BWOK,Substructure,Foundation,Substructure Wall,G30,,,m3,26715.0,WEWX44J  VM
AWMAJFY6,Substructure,Foundation,Substructure Wall,G40,,,m3,12809.677,VKCR0M0Q  UT
UC55K2,Substructure,Foundation,Substructure Wall,G40,,,m3,14523.0,C30Q8SLNQ P 6RGI2
PNZ3XN6N,Substructure,Foundation,Substructure Wall,G40,,,m3,30809.261,OW1HQ0 HH 2RZQYIJ
CXRKR0,Substructure,Foundation,Substructure Wall,G40,,,m3,27101.4,VVMSY4WPY V R
K78QB3W,Substructure,Foundation,Substructure Wall,G40,,,m3,8485.208,O1A9PM ME QV6D
8FWJABK01,Substructure,Foundation,Substructure Wall,G40,,,m3,20461.318,PA9DWYOO  M75PVEF
L7EMCQZ,Substructure,Foundation,Substructure Wall,G40,,,m3,29135.249,8EIEM39  Y6SXL0
KKIHQ91VM,Substructure,Foundation,Substructure Wall,G40,,,m3,33633.0,84EAYH  AW2ZKL
IDOWUP0J,Substructure,Foundation,Substructure Wall,G40,,,m3,8664.3,XG49055KH T 2X80XW
ORHF26C,Substructure,Foundation,Substructure Wall,G40,,,m3,15250.04,G1P2FSSZL 8J A9V
REX3YR,Substructure,Foundation,Substructure Wall,G40,,,m3,11666.8,U5QVW56PX  E62CV3E
2I866073,Substructure,Foundation,Substructure Wall,G40,,,m3,7581.3,D7W6EBH6 E TZYMJ
NN6QIF,Substructure,Foundation,Substructure Wall,G40,,,m3,39056.85,3K82R190F  
CCVK8Y,Substructure,Foundation,Substructure Wall,G40,,,m3,31103.0,XU8LL401 E 
75SSTF78,Substructure,Foundation,Substructure Wall,G40,,,m3,10979.22,4PAMXOLW1 T AQDP86
LNKHG0P00,Substructure,Foundation,Substructure Wall,G40,,,m3,20838.0,J92DOX  FWDPK
78U4XM39,Substructure,Foundation,Substructure Wall,G40,,,m3,28399.0,24X048RBF  68
ABYIIXKBC,Substructure,Foundation,Substructure Wall,G40,,,m3,27413.1,UJNH0IV  IWETSRM
N78J4QC,Substructure,Foundation,Wall Footing,35,,,m3,27714.36,STYS8SN5 C7 L7C
149F84,Substructure,Foundation,Wall Footing,35,,,m3,39065.0,TG8MXYW U E
C31H5Z,Substructure,Foundation,Wall Footing,35,,,m3,21228.0,8QS0PAA 2G 
KUXAVQ8,Substructure,Foundation,Wall Footing,35,,,m3,8754.8,3RG8BOZ W T
NZ4D8R,Substructure,Foundation,Wall Footing,35,,,m3,23570.58,HS22E4MM2  
LB3IEO,Substructure,Foundation,Wall Footing,35,,,m3,37499.4,BMVT4EZB  2
02Y3OX6K,Substructure,Foundation,Wall Footing,G30,,,m3,8229.4,AJQ6M57  YDO4P2
JW4QOXP,Substructure,Foundation,Wall Footing,G30,,,m3,26638.0,7EBNDO1VT T UV
24C20PA,Substructure,Foundation,Wall Footing,G30,,,m3,25318.0,7PUERY  CO1I
0X41IPO77,Substructure,Foundation,Wall Footing,G30,,,m3,27266.5,RUU0OK0I2 K 26Z5H
FG78MY3S,Substructure,Foundation,Wall Footing,G30,,,m3,4557.0,2GB5KOFFY 87 32CD
J0YKCB4YV,Substructure,Foundation,Wall Footing,G30,,,m3,28481.3,4XT1MZ1OQ 6 E
4UGKNJGOA,Substructure,Foundation,Wall Footing,G30,,,m3,26574.81,W7N22J8R  8PO
0ACICO,Substructure,Foundation,Wall Footing,G30,,,m3,35138.52,5OEAJPH UN 1H2
6JODSHDJ,Substructure,Foundation,Wall Footing,G30,,,m3,7152.0,NFPXBD3H8 1 XCZMWDI
JKMCU3,Substructure,Foundation,Wall Footing,G30,,,m3,32670.36,ME3CNA8 7 
M0EVI4FAX,Substructure,Foundation,Wall Footing,G30,,,m3,8136.0,P5ZYZXC A 78W65W
85PSE5PO,Substructure,Foundation,Wall Footing,G30,,,m3,13036.1,J1SKGSY  
2NBM4N,Substructure,Foundation,Wall Footing,G40,,,m3,161.0,PVUF4OVX  6
YGRWKQP4,Substructure,Foundation,Wall Footing,G40,,,m3,15250.7,OBVFO3ZO  W7K
G2DHH1P0,Substructure,Foundation,Wall Footing,G40,,,m3,14397.0,C6IQRV 2 I
3PUFYJ9,Substructure,Foundation,Wall Footing,G40,,,m3,3993.0,UVNJFBZH AG 4
GI5R4T,Substructure,Foundation,Wall Footing,G40,,,m3,33737.2,YP63J28  C
N9P2LU3TJ,Substructure,Foundation,Wall Footing,G40,,,m3,35007.886,HP0VIR R XK3
ZIBBV59,Substructure,Foundation,Wall Footing,G40,,,m3,20716.7,VHORFMN0  E
EHOPPZH,Substructure,Foundation,Wall Footing,G40,,,m3,25161.318,1TSZGI2H V 0PJ03U
L46PKWPAV,Substructure,Piling,Permanent Pile,Bored Pile,35,200 mm,Nos,37633.44,7S7XB1FU J UYMO9U
SOH9Q1,Substructure,Piling,Permanent Pile,Bored Pile,G30,200 mm,Nos,28093.99,5RWHC58FF V R
S6PJBZ,Substructure,Piling,Permanent Pile,Bored Pile,35,200 mm,Nos,28073.4,XSQPKR K CX
BTSYHJM5,Substructure,Piling,Permanent Pile,Bored Pile,35,200 mm,Nos,29115.82,AJ059C R IOISA4
Y9DZ4HOC,Substructure,Piling,Permanent Pile,Bored Pile,G40,200 mm,Nos,24845.823,RLXIXHU 7S T70E7P
1VG0STYHZ,Substructure,Piling,Permanent Pile,Bored Pile,G40,200 mm,Nos,23160.16,TB6LMD4R  
D4SIVI9G,Substructure,Piling,Permanent Pile,Bored Pile,G40,200 mm,Nos,3066.15,GF77N5 W YLNXYGM
LH9CNI5,Substructure,Piling,Permanent Pile,Bored Pile,G30,200 mm,Nos,5657.564,F84NLY4 Z L
1N4GVF,Substructure,Piling,Permanent Pile,Bored Pile,35,200 mm,Nos,11840.2,7MF72Q4G4  FQV
68TYRMV44,Substructure,Piling,Permanent Pile,Bored Pile,35,200 mm,Nos,25385.77,6XBAHND5P  G
PUZTZFVPE,Substructure,Piling,Permanent Pile,Bored Pile,G30,200 mm,Nos,18056.95,3B0Y7AK  
YLU2SXMK,Substructure,Piling,Permanent Pile,Bored Pile,35,200 mm,Nos,24512.6,6KRVK7R BD J
AQDNWP,Substructure,Piling,Permanent Pile,Bored Pile,35,200 mm,Nos,35110.5,WIWVS6GOA OE 9
EED7W0H10,Substructure,Piling,Permanent Pile,Bored Pile,G30,200 mm,Nos,13416.057,SVGE12D65 9 CXWOY
VMOYIU3,Substructure,Piling,Permanent Pile,Bored Pile,G30,200 mm,Nos,5895.0,VWCHJ3 7O AAEB
WQ7DP3,Substructure,Piling,Permanent Pile,Bored Pile,G40,200 mm,Nos,3407.59,B9SNW4MSK  8VK0HX
BNAQ0M4,Substructure,Piling,Permanent Pile,Bored Pile,G40,200 mm,Nos,29498.0,ZBTURHET X S862
MZAKF8KQ5,Substructure,Piling,Permanent Pile,Bored Pile,G40,200 mm,Nos,19554.2,MOIY8BOH CH NOFGAP
25QTOSVX,Substructure,Piling,Permanent Pile,Bored Pile,G30,200 mm,Nos,9756.23,V2QCUP D 1S
U534DU,Substructure,Piling,Permanent Pile,Bored Pile,G40,200 mm,Nos,14113.0,TGH5417Y6 CI 03YF
04SX53V,Substructure,Piling,Permanent Pile,Bored Pile,G40,200 mm,Nos,10045.8,5LPZUN  
Q6O00QTIO,Substructure,Piling,Permanent Pile,Bored Pile,G30,200 mm,Nos,32000.0,IAN7WNH5  
E0BUPISK,Substructure,Piling,Permanent Pile,Bored Pile,G40,200 mm,Nos,25828.7,CB7JYD  AHUQP
JT7IGOOP,Substructure,Piling,Permanent Pile,Bored Pile,G30,200 mm,Nos,3663.5,U8LPNAV GH GB9
CVKWCU3,Substructure,Piling,Permanent Pile,Bored Pile,35,200 mm,Nos,19398.57,T8CGNF3KK  UVBG
RPRNHQ4,Substructure,Piling,Permanent Pile,Bored Pile,G30,200 mm,Nos,24138.2,AF636Y9 U5 K7TO
NPST53RYT,Substructure,Piling,Permanent Pile,Bored Pile,G40,200 mm,Nos,39354.0,SOK5P4L I RLONG
M6NZA87,Substructure,Piling,Permanent Pile,Bored Pile,G40,200 mm,Nos,5895.0,BH3B493C 9W 088J
LAPG8K8RY,Substructure,Piling,Permanent Pile,Bored Pile,35,200 mm,Nos,21321.954,F8FA904 L 8HSBH5E
9XQH9BA,Substructure,Piling,Permanent Pile,Bored Pile,G40,200 mm,Nos,27564.7,1WK1LO K YM80Z4
N608EKQQ,Substructure,Piling,Permanent Pile,Bored Pile,G40,200 mm,Nos,10746.0,YVLHXP0 V 
BSBPXA,Substructure,Piling,Permanent Pile,Bored Pile,G40,200 mm,Nos,33402.0,AQ7FDX  G
ASQNPKJF,Substructure,Piling,Permanent Pile,Bored Pile,35,200 mm,Nos,36437.98,JYHML2  F647BLE
CUCZL4MV,Substructure,Piling,Permanent Pile,Bored Pile,G40,350mm,Nos,35502.894,8BEZR8JJ 1 2Z0P
0KJMOCITX,Substructure,Piling,Permanent Pile,Bored Pile,35,350mm,Nos,12552.1,P8FHQH3P 4 F
20T0Q57,Substructure,Piling,Permanent Pile,Bored Pile,G40,350mm,Nos,36198.637,A1JZTC M7 WPU
G4R7ZQASK,Substructure,Piling,Permanent Pile,Bored Pile,35,350mm,Nos,4127.52,YV6H11L7V  
K7BXSJ,Substructure,Piling,Permanent Pile,Bored Pile,35,350mm,Nos,5190.74,4QLFPULC O VMDCSGS
HK9IXPA,Substructure,Piling,Permanent Pile,Bored Pile,35,350mm,Nos,12924.37,PD2ZCM  5XS9U
VJIEM9K15,Substructure,Piling,Permanent Pile,Bored Pile,G40,350mm,Nos,2510.0,9AUG11J L2 8PWEW
5MFK40,Substructure,Piling,Permanent Pile,Bored Pile,G30,350mm,Nos,21608.0,GP140G  HTFW
S997HFG,Substructure,Piling,Permanent Pile,Bored Pile,G40,350mm,Nos,6336.332,UDE6QZ3 QO Y0RTUFO
MQ6XIJJC,Substructure,Piling,Permanent Pile,Bored Pile,G40,350mm,Nos,2672.0,G90911 D1 K57WX
3NBEL5,Substructure,Piling,Permanent Pile,Bored Pile,G40,350mm,Nos,2615.81,ZQVBLO 5O J6Y0O83
6T6K39,Substructure,Piling,Permanent Pile,Bored Pile,G30,350mm,Nos,18173.0,4TD6Y7Q  OTW9Q
FD8D383,Substructure,Piling,Permanent Pile,Bored Pile,G30,350mm,Nos,29066.696,CQWNJGXT  9G1
DLYQ2ACNO,Substructure,Piling,Permanent Pile,Bored Pile,G40,350mm,Nos,6637.928,LI9GJ6XSH 4L 8OPYE9H
TI0KOMT,Substructure,Piling,Permanent Pile,Bored Pile,G30,350mm,Nos,2086.96,VQ2X9XZ2W  2SQMM8R
77JR82G,Substructure,Piling,Permanent Pile,Bored Pile,G30,350mm,Nos,37973.0,VZA988K55 C HFEQD2
T2U3P4RK,Substructure,Piling,Permanent Pile,Bored Pile,35,350mm,Nos,13974.8,Q2SAJK D N8
D63NZGIY,Substructure,Piling,Permanent Pile,Bored Pile,G40,350mm,Nos,34221.0,U5U4IF  
B7MRV97,Substructure,Piling,Permanent Pile,Bored Pile,G40,350mm,Nos,3357.0,NIRP2RBL KL ME02LQ
428DWHKUJ,Substructure,Piling,Permanent Pile,Bored Pile,G40,350mm,Nos,2267.42,RYMAVZG Y 3V
UJ1ITKUWQ,Substructure,Piling,Permanent Pile,Bored Pile,G40,350mm,Nos,38494.167,7HQ3N897S E9 LO
AQNH8G,Substructure,Piling,Permanent Pile,Bored Pile,G40,350mm,Nos,30467.1,U0IC2GB L I8VBRS
P1GFBQJS,Substructure,Piling,Permanent Pile,Bored Pile,G40,350mm,Nos,8104.4,JK5KS6M F C6TSHK
MPDYFEZ4,Substructure,Piling,Permanent Pile,Bored Pile,G40,350mm,Nos,17113.885,ZHFWGB 5X JX7YW
EHN4GOM,Substructure,Piling,Permanent Pile,Bored Pile,G40,350mm,Nos,38227.5,J524JZ9F S 2QTWBZM
NQ6K95,Substructure,Piling,Permanent Pile,Bored Pile,G40,350mm,Nos,34096.713,88XNWI  8
ISH331,Substructure,Piling,Permanent Pile,Bored Pile,35,400,Nos,11964.0,HNE2HLE  EH91FHX
AJ2M509GF,Substructure,Piling,Permanent Pile,Bored Pile,35,400,Nos,13566.463,L08XU21  U
OCA53JLYD,Substructure,Piling,Permanent Pile,Bored Pile,G40,400,Nos,21402.0,I8I0WU9  BNP6B
BK0V0NTJJ,Substructure,Piling,Permanent Pile,Bored Pile,G40,400,Nos,1411.16,SCYNZCF1C N P
CQADQF,Substructure,Piling,Permanent Pile,Bored Pile,G30,400,Nos,16258.15,8DEHEF E7 1V
55YWWOFC,Substructure,Piling,Permanent Pile,Bored Pile,G30,400,Nos,5545.48,HO1IBWGB V 9JLG
SMZ2Z0HN0,Substructure,Piling,Permanent Pile,Bored Pile,G40,400,Nos,38703.4,3UMGGEWW3 2H ZEW59
ULN50G,Substructure,Piling,Permanent Pile,Bored Pile,G40,400,Nos,22754.2,PZ62TEVG  
URX76K1HO,Substructure,Piling,Permanent Pile,Bored Pile,G30,400,Nos,24419.0,52UDYG 79 A
YNFO07HJD,Substructure,Piling,Permanent Pile,Bored Pile,35,400,Nos,6957.351,LAE07UW 4V 
QX0AH92P,Substructure,Piling,Permanent Pile,Bored Pile,35,400,Nos,17608.63,62AHIR  WGED9R
I399KSVTB,Substructure,Piling,Permanent Pile,Bored Pile,G40,400,Nos,8885.6,IA6EM1 D A9EI
IK45Q957C,Substructure,Piling,Permanent Pile,Bored Pile,35,400,Nos,32321.0,57AETAYM  M3BN5XP
A42A6PAQM,Substructure,Piling,Permanent Pile,Bored Pile,G30,400,Nos,26085.59,MJZBJG 44 TG8
BZ9KMZ8C,Substructure,Piling,Permanent Pile,Bored Pile,G30,400,Nos,26905.7,IC6I5E8X  138PXIG
1CG7T6D,Substructure,Piling,Permanent Pile,Bored Pile,G40,400,Nos,30988.05,QWY24A9W R P
PPH00WXS,Substructure,Piling,Permanent Pile,Bored Pile,G30,400,Nos,35325.0,X8ATZE9 P NK49VX0
IHOKNI77I,Substructure,Piling,Permanent Pile,Bored Pile,35,400,Nos,37107.0,BMLEW5Z  N
TRO3Q9Z5,Substructure,Piling,Permanent Pile,Bored Pile,35,400,Nos,28963.434,5UWTO0IC J 
WKEPJBI,Substructure,Piling,Permanent Pile,Bored Pile,G30,400,Nos,20518.0,I6TEQA64L EP ZAP
FL4WEZJA,Substructure,Piling,Permanent Pile,Bored Pile,35,400,Nos,10742.5,7DKCIHZX  2SXH8QO
LKHANB,Substructure,Piling,Permanent Pile,Bored Pile,G30,400,Nos,7237.7,7GGQGL8NQ  3HV3B
TM3MS6WX1,Substructure,Piling,Permanent Pile,Bored Pile,35,400,Nos,8241.0,N7OQSQBY 7 9GA7H5
ZKJTCVCHM,Substructure,Piling,Permanent Pile,Bored Pile,G30,400,Nos,15638.09,P4AD6Q4  2G9
KT2IA9N,Substructure,Piling,Permanent Pile,Bored Pile,G30,400,Nos,38742.6,FTYXCXAVW  8RX
EYBK01CW,Substructure,Piling,Permanent Pile,Bored Pile,G40,400,Nos,10209.24,WQ6UFMIL 0 UVQSK
V9QE4D0,Substructure,Piling,Permanent Pile,Bored Pile,G30,400,Nos,30273.7,TEJ81KWQW H 
SWEYTSF,Substructure,Piling,Permanent Pile,Bored Pile,35,400,Nos,20861.59,O672VZMZV  AVBX3
6FB0GG,Substructure,Piling,Permanent Pile,Bored Pile,G30,400,Nos,38214.0,JSIUG0AT N 1KZNZ
GFD3C34V3,Substructure,Piling,Permanent Pile,Bored Pile,35,400,Nos,37563.47,6LZPXHE I IK
MP38SND,Substructure,Piling,Permanent Pile,Micro Pile,35,200 mm,Nos,22800.72,8VF8IUDU4 8 
51EE4Y1GY,Substructure,Piling,Permanent Pile,Micro Pile,35,200 mm,Nos,24966.0,BNQMBWR ZX JG
AIVZ5OM,Substructure,Piling,Permanent Pile,Micro Pile,G30,200 mm,Nos,14440.9,Z1ADB74 S 
NZYZEM,Substructure,Piling,Permanent Pile,Micro Pile,G40,200 mm,Nos,7857.9,PQCT4SIU 9M 1TI7
GI4H6F1Y6,Substructure,Piling,Permanent Pile,Micro Pile,G40,200 mm,Nos,19193.0,A1N6W08OW 7 EA754
TJAH04W0,Substructure,Piling,Permanent Pile,Micro Pile,35,200 mm,Nos,166.5,NH8CPQVKF  41N5W
E3R059YT7,Substructure,Piling,Permanent Pile,Micro Pile,35,200 mm,Nos,4745.0,CD3FWJQ0X S 9
HFFMIFLGT,Substructure,Piling,Permanent Pile,Micro Pile,G40,200 mm,Nos,15959.0,XEEOKBVY3  F59NPJA
JKHOIVYR1,Substructure,Piling,Permanent Pile,Micro Pile,G40,200 mm,Nos,6909.405,8SHQS1  LZ1WBAM
Z00PPGB,Substructure,Piling,Permanent Pile,Micro Pile,35,200 mm,Nos,7107.301,FZO9GTPB8  PF
7YQZJJET,Substructure,Piling,Permanent Pile,Micro Pile,G30,200 mm,Nos,5664.16,ZW1WYB H 563ZV
LM3RPDO,Substructure,Piling,Permanent Pile,Micro Pile,G30,200 mm,Nos,38957.544,GWK6047  J69DYM
8C27F840,Substructure,Piling,Permanent Pile,Micro Pile,G40,200 mm,Nos,29744.8,TBPG1S 4 RMB
K7ZMBY1Z,Substructure,Piling,Permanent Pile,Micro Pile,G30,200 mm,Nos,20600.804,UJO2D99G E MOMWMBL
QJ76KWHA,Substructure,Piling,Permanent Pile,Micro Pile,35,200 mm,Nos,25187.0,ME6KLDCYV CP 
IPWYTE,Substructure,Piling,Permanent Pile,Micro Pile,G40,200 mm,Nos,17600.426,ONDCCBESR 0 ZQVR55
TGASYTKX5,Substructure,Piling,Permanent Pile,Micro Pile,35,200 mm,Nos,11626.3,60IJK77TB Z XAU
NAFY596,Substructure,Piling,Permanent Pile,Micro Pile,G30,200 mm,Nos,29931.0,513BQ3 BT IRIJ6
ZF758YZF,Substructure,Piling,Permanent Pile,Micro Pile,35,200 mm,Nos,16088.7,0JL255VT E I47ZF6R
ZB17X6VO,Substructure,Piling,Permanent Pile,Micro Pile,G30,200 mm,Nos,32214.17,YBP9XYTL  SA
VA93B4,Substructure,Piling,Permanent Pile,Micro Pile,G30,200 mm,Nos,2353.8,99OQ3N  DQ
52YPM66R,Substructure,Piling,Permanent Pile,Micro Pile,35,200 mm,Nos,35027.1,HAIM284I ST VT3I64P
TT3G0P,Substructure,Piling,Permanent Pile,Micro Pile,G40,200 mm,Nos,31819.42,H13LP3D4K P 7J5
HJT1NBXB5,Substructure,Piling,Permanent Pile,Micro Pile,G40,200 mm,Nos,35084.3,LT1ZRV9Y Q 8O
VPMHFO1Q1,Substructure,Piling,Permanent Pile,Micro Pile,35,350mm,Nos,6125.835,O3IPW0 X6 4SRIK
HSR3X2GC0,Substructure,Piling,Permanent Pile,Micro Pile,G40,350mm,Nos,3549.9,QXNWIK F PMLK6ZV
1NCPERMF,Substructure,Piling,Permanent Pile,Micro Pile,G40,350mm,Nos,29399.0,O824N3U ZR F32J
URR7N5INZ,Substructure,Piling,Permanent Pile,Micro Pile,G30,350mm,Nos,24205.0,DGG53C7 22 IO8
2PIW2L1K,Substructure,Piling,Permanent Pile,Micro Pile,G30,350mm,Nos,18002.58,G9U3FEU  NP2H
JDYU77BS1,Substructure,Piling,Permanent Pile,Micro Pile,35,350mm,Nos,17697.192,J013X2PO  6
ECX7QM49S,Substructure,Piling,Permanent Pile,Micro Pile,35,350mm,Nos,18369.813,JDHXTD LM A
H9SRR8A3V,Substructure,Piling,Permanent Pile,Micro Pile,G30,350mm,Nos,30707.8,OKNYSS 8 BL3E2
F3W2IJZ4B,Substructure,Piling,Permanent Pile,Micro Pile,G40,350mm,Nos,3403.0,BKXNY8CD  FKX68HD
SWVAEB6V,Substructure,Piling,Permanent Pile,Micro Pile,G30,350mm,Nos,840.0,KTB5WW RZ 01FY7
L0FZDG,Substructure,Piling,Permanent Pile,Micro Pile,G30,350mm,Nos,19764.55,O35SY59H TQ 
RGRQSX9,Substructure,Piling,Permanent Pile,Micro Pile,G40,350mm,Nos,27696.0,I5KFHFV2 JF P5XZ46G
FP3KMX,Substructure,Piling,Permanent Pile,Micro Pile,35,350mm,Nos,142.5,A6DK1ZC 9M 3QM
SU6JJX,Substructure,Piling,Permanent Pile,Micro Pile,35,350mm,Nos,54.24,EZQ7BW KE M8HNK9B
517MJ2QLS,Substructure,Piling,Permanent Pile,Micro Pile,G30,400,Nos,7823.534,38P4Z5  9
AICY3J,Substructure,Piling,Permanent Pile,Micro Pile,35,400,Nos,34112.16,8LEZI4R2 H 
NI99349,Substructure,Piling,Permanent Pile,Micro Pile,G30,400,Nos,13543.818,QA17A9  PS0ZG5
JO2TG2,Substructure,Piling,Permanent Pile,Micro Pile,G40,400,Nos,33362.607,LUN96NL6 36 I
MZGWLU55P,Substructure,Piling,Permanent Pile,Micro Pile,G40,400,Nos,32898.0,3GMUK89  3NMN5J6
7MDV4KYGS,Substructure,Piling,Permanent Pile,Micro Pile,35,400,Nos,11914.82,H64SSP8 O F0CJ13Q
RJVPBJ,Substructure,Piling,Permanent Pile,Micro Pile,G40,400,Nos,20795.985,YOLCOD8R  0Q1WU
JPVJDU,Substructure,Piling,Permanent Pile,Micro Pile,G40,400,Nos,19938.0,1A5S2JJ2X J 3BII
7YETH8C1U,Substructure,Piling,Permanent Pile,Micro Pile,G30,400,Nos,32443.507,0YH3KRXGQ TL QF
290CWBK,Substructure,Piling,Permanent Pile,Micro Pile,G30,400,Nos,36387.9,RVWSVUBRX  DZFI
D1GR6K,Substructure,Piling,Permanent Pile,Micro Pile,35,400,Nos,27353.0,P5U8UBT4B 7E LJ
F8PW2HSGE,Substructure,Piling,Permanent Pile,Micro Pile,G30,400,Nos,14001.0,W5A6CR 8 S
4ZRBKSR,Substructure,Piling,Permanent Pile,Micro Pile,35,400,Nos,38037.77,LN5JIKV5G  BB1PP
K6417AF4N,Substructure,Piling,Permanent Pile,Micro Pile,G40,400,Nos,30396.74,0VPP7TV  S
Z9RRQ09G,Substructure,Piling,Permanent Pile,Micro Pile,G40,400,Nos,29993.06,XSR7OT YY 7BUL
RGDVKA,Substructure,Piling,Permanent Pile,Micro Pile,G30,400,Nos,16665.7,9Q9W0EJD  EIHZS
RTTJWS8,Substructure,Piling,Permanent Pile,Micro Pile,35,400,Nos,9551.6,Q0UA0FSY YG C4APZ7J
0X4PQUV,Substructure,Piling,Permanent Pile,Micro Pile,G30,400,Nos,31762.5,R07TC7C D 
4UIMD9Y,Substructure,Piling,Permanent Pile,Micro Pile,G40,400,Nos,19056.74,H7PZ2D3V IX Q72A
8SOW4GY,Substructure,Piling,Permanent Pile,Micro Pile,G40,400,Nos,30372.0,Y16E0I 5 M0
99HFH67I,Substructure,Piling,Permanent Pile,Micro Pile,G40,400,Nos,443.0,A3URXXFNG  FU73
Y9GMGON,Substructure,Piling,Permanent Pile,Micro Pile,35,400,Nos,3734.0,4OE065P1 7A 
8H0IBE,Substructure,Piling,Permanent Pile,Micro Pile,35,400,Nos,25337.0,AW1P7X T0 
TV6KGR,Substructure,Piling,Permanent Pile,Micro Pile,G30,400,Nos,28089.8,UHRXPQK P4 3KLI
TZH8F1,Substructure,Piling,Permanent Pile,Micro Pile,35,400,Nos,14318.386,TRQ9R9HQG 3I 359V1J5
HSVOR7WJ,Substructure,Piling,Permanent Pile,Micro Pile,G40,400,Nos,24352.0,5F8TA6D R CSXE4T
AGHDWX,Substructure,Piling,Permanent Pile,Micro Pile,G30,400,Nos,8010.0,T3A5X9GVW  RR
NX7ODUI9M,Substructure,Piling,Permanent Pile,Micro Pile,G30,400,Nos,26157.63,VNJDB170Z  87
3KF17I,Substructure,Piling,Permanent Pile,Micro Pile,35,400,Nos,21640.3,V7RTCC YK 
XAPM90U,Substructure,Piling,Permanent Pile,Micro Pile,35,400,Nos,32232.0,EHOUMRGMV 3 MZOBO
IFVXFPS,Substructure,Piling,Permanent Pile,Micro Pile,G30,400,Nos,7389.317,JOJH3G  84632TL
8DT8RVT1,Substructure,Piling,Permanent Pile,Micro Pile,35,400,Nos,36904.637,D0ONEJ P8 ZFBTQKH
I0WP0U,Substructure,Piling,Permanent Pile,Micro Pile,35,400,Nos,34350.332,CKF8H3 L 4MMK8V
A5EWM84,Substructure,Piling,Permanent Pile,Micro Pile,G30,400,Nos,32766.9,LH568AGR  
5VOLMR80S,Substructure,Piling,Permanent Pile,Micro Pile,G40,400,Nos,32820.2,266CRA Z XBC
8JE5P3U,Substructure,Piling,Permanent Pile,Micro Pile,G40,400,Nos,39196.655,UXFJGP7 2Z HH
PUH33X,Substructure,Piling,Permanent Pile,Spun Pile,G30,200 mm,Nos,38095.99,PEMP3J  XE19
9TQ1SNZQ,Substructure,Piling,Permanent Pile,Spun Pile,35,200 mm,Nos,21242.0,CP1FHG B BFR
UTXH7774,Substructure,Piling,Permanent Pile,Spun Pile,G40,200 mm,Nos,20398.0,313YTECW Q JDC
55ZL5RPL,Substructure,Piling,Permanent Pile,Spun Pile,35,200 mm,Nos,35800.088,6Y4TM7  HF
BU2ULOR,Substructure,Piling,Permanent Pile,Spun Pile,G40,200 mm,Nos,38621.8,YTZ18IK1N J CQLXP
HT0TR5C,Substructure,Piling,Permanent Pile,Spun Pile,35,200 mm,Nos,27839.9,C985BIS X 2EABF8
MFT842CU,Substructure,Piling,Permanent Pile,Spun Pile,35,200 mm,Nos,28851.95,9EQMEY D CI01A24
6GLPZHN9,Substructure,Piling,Permanent Pile,Spun Pile,G40,200 mm,Nos,30303.0,4TKYY12  XERUPX
TXJWMW,Substructure,Piling,Permanent Pile,Spun Pile,G40,200 mm,Nos,2497.71,RS7SM9LJ9 V J74BOK
UKE97XY,Substructure,Piling,Permanent Pile,Spun Pile,35,200 mm,Nos,2151.0,CDCV0RMZZ 9B 9J
YS6VRI0,Substructure,Piling,Permanent Pile,Spun Pile,G30,200 mm,Nos,31386.85,SGMRZM HZ ZMIY
3NVGOMXFU,Substructure,Piling,Permanent Pile,Spun Pile,G30,200 mm,Nos,25733.0,PP0FOZFXQ D ZYYYG
52L7R2,Substructure,Piling,Permanent Pile,Spun Pile,35,200 mm,Nos,35622.436,18PM29 1Z 
FZOVJR9F,Substructure,Piling,Permanent Pile,Spun Pile,35,200 mm,Nos,34599.0,8RVD9R T L
TCND81N,Substructure,Piling,Permanent Pile,Spun Pile,35,200 mm,Nos,31435.1,IX1RVDUN 7 D05
T3XC1S,Substructure,Piling,Permanent Pile,Spun Pile,G30,200 mm,Nos,31641.63,85LPN90 YN E
ECSY4SX,Substructure,Piling,Permanent Pile,Spun Pile,G40,200 mm,Nos,23372.6,7HT0QXDX PF OXTNVB
OEN6RV,Substructure,Piling,Permanent Pile,Spun Pile,G40,200 mm,Nos,7628.8,AQVEDHZY  0GLOW8
C8D3NREG,Substructure,Piling,Permanent Pile,Spun Pile,35,200 mm,Nos,33386.976,59I53R1T9  75X
J2XNM5DBJ,Substructure,Piling,Permanent Pile,Spun Pile,35,200 mm,Nos,39672.7,GITJUSZIS  F0SGD
9U2KKD,Substructure,Piling,Permanent Pile,Spun Pile,35,200 mm,Nos,20279.79,Q0055096N MP RFS8
HOAWUD,Substructure,Piling,Permanent Pile,Spun Pile,G40,200 mm,Nos,20555.6,IG15TDQB3 6 
K4I12YOE,Substructure,Piling,Permanent Pile,Spun Pile,G30,200 mm,Nos,38869.846,G5LHXJ UG SOSE
PC1I0X,Substructure,Piling,Permanent Pile,Spun Pile,G40,200 mm,Nos,38750.61,VDZXAJ2W9 2 CC6FH02
KJRLUSP,Substructure,Piling,Permanent Pile,Spun Pile,G40,200 mm,Nos,24626.9,0OC69ZTIZ  KY7ZO
CDG069,Substructure,Piling,Permanent Pile,Spun Pile,35,200 mm,Nos,25558.209,EZB6QXI9W 00 W
LLUPTG3G,Substructure,Piling,Permanent Pile,Spun Pile,35,200 mm,Nos,32304.0,VAXPDQD7J WP B4
7WLPFE,Substructure,Piling,Permanent Pile,Spun Pile,G40,350mm,Nos,6372.0,B1GTTCK 1 4JH8
1SJUPC,Substructure,Piling,Permanent Pile,Spun Pile,35,350mm,Nos,12211.055,ID9BCRW1T  8A7
ZXVA8NLP,Substructure,Piling,Permanent Pile,Spun Pile,35,350mm,Nos,20233.5,0V5T240K  T3GS2
QI07XDD,Substructure,Piling,Permanent Pile,Spun Pile,G30,350mm,Nos,4101.1,SRBJ7NO 1 ZS80
O1XDVKNG,Substructure,Piling,Permanent Pile,Spun Pile,G30,350mm,Nos,39787.1,PROPRM1D  3K5
U2N3UAP,Substructure,Piling,Permanent Pile,Spun Pile,G30,350mm,Nos,28038.757,F0LWYT A Y
HMEC8Q7DP,Substructure,Piling,Permanent Pile,Spun Pile,G40,350mm,Nos,15048.619,8FF81PW58 NC JSONPR
MFC9S2CBB,Substructure,Piling,Permanent Pile,Spun Pile,G40,350mm,Nos,7884.0,N03Q638ZL  
OCL8YN3,Substructure,Piling,Permanent Pile,Spun Pile,G30,350mm,Nos,1604.0,00RGLMYY F 27CBN
A60WHX18,Substructure,Piling,Permanent Pile,Spun Pile,35,350mm,Nos,28187.1,7GDMSM8Y 7V EU
JMEES3,Substructure,Piling,Permanent Pile,Spun Pile,G40,350mm,Nos,19464.503,5BLVWASKL 4R O4
GH01PEE2,Substructure,Piling,Permanent Pile,Spun Pile,G30,350mm,Nos,14542.4,DOXFV6WEV  V
FQ5KBFA,Substructure,Piling,Permanent Pile,Spun Pile,35,350mm,Nos,3038.15,7AFQWW QS SAI5U
T3OTWRK,Substructure,Piling,Permanent Pile,Spun Pile,G40,350mm,Nos,9087.0,8VMMMM9WE SU XOM9F
BO94OKBS,Substructure,Piling,Permanent Pile,Spun Pile,35,350mm,Nos,33710.0,WE652K G ASD23C
L0GYEGBR,Substructure,Piling,Permanent Pile,Spun Pile,35,350mm,Nos,19622.03,ODG3F1F ED O09DOP
EE1GZ63I,Substructure,Piling,Permanent Pile,Spun Pile,G30,350mm,Nos,12130.48,9RZZ4XYX 3V FPO
FGQMRI3L,Substructure,Piling,Permanent Pile,Spun Pile,35,350mm,Nos,32290.3,KGIYM1  MTB7
AKACF3,Substructure,Piling,Permanent Pile,Spun Pile,G40,350mm,Nos,31869.0,GA4F5G5J 2H 5U0R
E892AEW5,Substructure,Piling,Permanent Pile,Spun Pile,35,350mm,Nos,4292.92,RALXDHHCT L 49LNP0
QXBI2M,Substructure,Piling,Permanent Pile,Spun Pile,G40,350mm,Nos,13281.48,S9TT4SJAK  
0KHYQRV,Substructure,Piling,Permanent Pile,Spun Pile,G30,350mm,Nos,31448.043,IE5MKVFW S 0
1MPCOE,Substructure,Piling,Permanent Pile,Spun Pile,G40,350mm,Nos,4576.0,EYUXSB7H 3T 
6Y0E4TP,Substructure,Piling,Permanent Pile,Spun Pile,35,350mm,Nos,32664.319,JHW283KCE 8C I25F6
JQ3MDDS1C,Substructure,Piling,Permanent Pile,Spun Pile,G40,350mm,Nos,23396.3,VHIZ8WEM  V
34APASI,Substructure,Piling,Permanent Pile,Spun Pile,G40,350mm,Nos,19311.89,IUJSCVHK X4 J8WUX8Z
H4US318LB,Substructure,Piling,Permanent Pile,Spun Pile,G40,400,Nos,25534.5,V59B7S D UMF5ZV0
VCB2D31,Substructure,Piling,Permanent Pile,Spun Pile,G30,400,Nos,38446.7,H8U5XN JG 8HQ
0XTGCDBI9,Substructure,Piling,Permanent Pile,Spun Pile,35,400,Nos,10959.527,UC4GRXQN I Y5FE0MB
9GDWCR59,Substructure,Piling,Permanent Pile,Spun Pile,G40,400,Nos,7089.78,ZJ9XLXESH  FC6
TVYH1X6,Substructure,Piling,Permanent Pile,Spun Pile,G30,400,Nos,13836.88,YW6MV5Y  FLEW7
1RXOMAJN0,Substructure,Piling,Permanent Pile,Spun Pile,G40,400,Nos,13997.559,ZU8NO1 7 
4RGVYB816,Substructure,Piling,Permanent Pile,Spun Pile,35,400,Nos,13529.29,E5BXFD  Y3
LVQCH732U,Substructure,Piling,Permanent Pile,Spun Pile,G30,400,Nos,24747.0,4TI5QY2 1 
5NXMCM,Substructure,Piling,Permanent Pile,Spun Pile,35,400,Nos,5440.0,3G8CVBT9 SD CL1EP
SEP6POJ,Substructure,Piling,Permanent Pile,Spun Pile,G30,400,Nos,33307.0,RVFDCP G B
0VG2W3II,Substructure,Piling,Permanent Pile,Spun Pile,G40,400,Nos,35684.195,U7T7MNV  Q46NVMD
83VJGKX1,Substructure,Piling,Permanent Pile,Spun Pile,G40,400,Nos,31876.0,543FY8H  M
M8LC60M,Substructure,Piling,Permanent Pile,Spun Pile,35,400,Nos,13149.8,I3YWOYLD D 0
KIWC51KX,Substructure,Piling,Permanent Pile,Spun Pile,G30,400,Nos,27959.2,AZ4523PP6  7
8TYCQ358,Substructure,Piling,Permanent Pile,Spun Pile,G30,400,Nos,27378.8,QSZM17  8FI
HHEUYLI,Substructure,Piling,Permanent Pile,Spun Pile,35,400,Nos,21133.304,ALO2MLETG ZT WE3I
LX22M8YX,Substructure,Piling,Permanent Pile,Spun Pile,G30,400,Nos,15840.9,8WL60MH  FV
60CFRC82,Substructure,Piling,Permanent Pile,Spun Pile,G40,400,Nos,32769.0,Z2S9145  ZHT86
DU7VMHUW2,Substructure,Piling,Permanent Pile,Spun Pile,G30,400,Nos,39177.59,O29ABFTTK VS PEU
J383AH5,Substructure,Piling,Permanent Pile,Spun Pile,G30,400,Nos,10300.5,O14BISC RY SC83WS
AQ5R8C,Substructure,Piling,Permanent Pile,Spun Pile,35,400,Nos,28561.638,LMLERY 8 VU411U
68U5CHM5K,Substructure,Piling,Permanent Pile,Spun Pile,G30,400,Nos,9757.0,JSBYQX3CH  44Y
L52YXG8Z,Substructure,Piling,Permanent Pile,Spun Pile,35,400,Nos,31225.876,ZCSRQO1T  OL
6HLXE5ZGH,Substructure,Piling,Permanent Pile,Spun Pile,35,400,Nos,34304.0,5JKA9AV Y 26ILD1V
YHW08FWA,Substructure,Piling,Permanent Pile,Spun Pile,G30,400,Nos,36544.0,AC7LLPP  A48QD6
OL6YFQYXZ,Substructure,Piling,Permanent Pile,Spun Pile,G30,400,Nos,29898.0,UG9SGL10B ZE 43D
7GZKB15,Substructure,Piling,Permanent Pile,Spun Pile,35,400,Nos,26509.0,SL4UVDT 6 1P
PGB66B,Substructure,Piling,Permanent Pile,Spun Pile,G30,400,Nos,13035.4,980T8Z 6 T
4SJXZJW,Substructure,Piling,Permanent Pile,Spun Pile,G30,400,Nos,25199.245,S5PPBL6D5  WB28NTK
HS9IY7ST,Superstructure,Frame and Slab,RC Beam,Cast in-situ,G40,,m3,38738.686,9383CNJ VP G3W5H1G
MO4PFYRA,Superstructure,Frame and Slab,RC Beam,Cast in-situ,G30,,m3,4743.9,PIRQDR VV 0
SRQQIL6XX,Superstructure,Frame and Slab,RC Beam,Cast in-situ,35,,m3,23273.0,RXQFQK W 2O80SRI
M781FJ,Superstructure,Frame and Slab,RC Beam,Cast in-situ,G30,,m3,33878.17,QARJQC  DK875Z
D9M6KBS,Superstructure,Frame and Slab,RC Beam,Cast in-situ,G40,,m3,24338.0,TUCEO8 CM 40RDEJ
8W0NXAEA2,Superstructure,Frame and Slab,RC Beam,Cast in-situ,35,,m3,1103.3,5BC3AAF8 U GE2H
UJL3MCG,Superstructure,Frame and Slab,RC Beam,Cast in-situ,G30,0.8,m3,29539.0,TYUGGC 8 JFBM
KGZSMLVLH,Superstructure,Frame and Slab,RC Beam,Cast in-situ,35,0.8,m3,18496.9,SOCRY58 XD P82VQ12
8XYYN0XX,Superstructure,Frame and Slab,RC Beam,Cast in-situ,G30,0.8,m3,31729.1,42C3O7  1KAH8QO
ELJ3I6O,Superstructure,Frame and Slab,RC Beam,Cast in-situ,G40,80%,m3,38510.712,EW4X17BGM T LNGBA
2CXEFFSYZ,Superstructure,Frame and Slab,RC Beam,Cast in-situ,G30,80%,m3,10041.9,L2J8GD C8 KLUX
69YF5GEP,Superstructure,Frame and Slab,RC Beam,Cast in-situ,G30,80%,m3,38689.0,5RZHOG80 R E
OBCXZA,Superstructure,Frame and Slab,RC Beam,Cast in-situ,G30,No,m3,20557.783,6LVDAYO S QBTPFH5
4UQPMHU6,Superstructure,Frame and Slab,RC Beam,Cast in-situ,35,No,m3,39495.0,PBVNLK0MP Z X
CHMYJOP2,Superstructure,Frame and Slab,RC Beam,Cast in-situ,G40,No,m3,15622.0,QNALVJLZ2  OADH6
U8FARM7K2,Superstructure,Frame and Slab,RC Beam,Cast in-situ,35,No,m3,30112.25,BV0UTOCG AS 
CV17XNH,Superstructure,Frame and Slab,RC Beam,Cast in-situ,G40,No,m3,4581.6,QRRLT7 I SW2EVIC
XRZXBVK,Superstructure,Frame and Slab,RC Beam,Cast in-situ,G40,No,m3,34250.38,M1IX8UO  XOH2HH
0HSVKO,Superstructure,Frame and Slab,RC Beam,Cast in-situ,G40,"Yes,1:35",m3,12545.16,4WYDYKT BL DVSP6H6
03S2UYKPN,Superstructure,Frame and Slab,RC Beam,Cast in-situ,G30,"Yes,1:35",m3,24930.0,PZH8Z5C2W  LJY
Y0G1W0T,Superstructure,Frame and Slab,RC Beam,Castinsitu,G30,,m3,6582.38,NRNM3Q2M  4R
CTWKU4,Superstructure,Frame and Slab,RC Beam,Castinsitu,G40,,m3,28866.5,C23536Z  G2Q1PTG
4Y2WM9F,Superstructure,Frame and Slab,RC Beam,Castinsitu,G40,,m3,23575.8,CMLCDW5CG  NDQ
VQ39J3O,Superstructure,Frame and Slab,RC Beam,Castinsitu,G30,,m3,14121.068,6PP9JLVUO M ACWT7UE
YS6H7C,Superstructure,Frame and Slab,RC Beam,Castinsitu,35,,m3,27931.0,IQNUZXE AJ L
J15JNB,Superstructure,Frame and Slab,RC Beam,Castinsitu,35,0.8,m3,11449.91,50VU595X4 Z1 H9XD2BQ
T2CLBBGSY,Superstructure,Frame and Slab,RC Beam,Castinsitu,35,0.8,m3,33327.52,NCGRZ0 TH 3CE2M8
3BR8FYYC,Superstructure,Frame and Slab,RC Beam,Castinsitu,G30,0.8,m3,4072.476,2PIC28 I 1P9JT
K3LUYTBK,Superstructure,Frame and Slab,RC Beam,Castinsitu,G40,0.8,m3,35604.0,1YTWO509Y E ZMSQM1
UXJBLNVBZ,Superstructure,Frame and Slab,RC Beam,Castinsitu,G40,80%,m3,23870.8,OF9RX7DI  H
PRV3C1AHE,Superstructure,Frame and Slab,RC Beam,Castinsitu,G40,80%,m3,696.577,ADI879W  DSM84Y
CXK6FM,Superstructure,Frame and Slab,RC Beam,Castinsitu,G30,80%,m3,37748.1,JB9P1KDV  X
9U1TWN0,Superstructure,Frame and Slab,RC Beam,Castinsitu,35,80%,m3,11910.1,8IIDA88F DF J
X68WFEIQG,Superstructure,Frame and Slab,RC Beam,Castinsitu,G30,No,m3,28124.0,B6TTLV MV 0M5Z5XZ
8XH8JU,Superstructure,Frame and Slab,RC Beam,Castinsitu,G30,No,m3,18035.49,U115UTP L M
NYDB8JP,Superstructure,Frame and Slab,RC Beam,Castinsitu,G40,No,m3,19876.16,QZ6RBRKS ZG THOTQ
TFSZ1M,Superstructure,Frame and Slab,RC Beam,Castinsitu,G30,No,m3,33934.0,3EOY61R AP SJEFAJU
CINIB335G,Superstructure,Frame and Slab,RC Beam,Castinsitu,G40,"Yes,1:35",m3,37618.7,WMEFBVF4 J8 QXL4MN
8NN3MNTS8,Superstructure,Frame and Slab,RC Beam,Castinsitu,G40,"Yes,1:35",m3,4616.26,R855315  TSRQXFE
SMDEK1O0,Superstructure,Frame and Slab,RC Beam,Precast,G40,,m3,35234.9,1OATLCZ FR 
4S7Q6BS6,Superstructure,Frame and Slab,RC Beam,Precast,35,,m3,29279.4,E9SDOW4 G VWBD5Z
0GKRGCI,Superstructure,Frame and Slab,RC Beam,Precast,G40,0.8,m3,11886.0,8T4DZNS Y MTIE7U6
GPI6S81,Superstructure,Frame and Slab,RC Beam,Precast,G40,0.8,m3,97.9,F6NBNX  CX
3DBU99JDL,Superstructure,Frame and Slab,RC Beam,Precast,G40,0.8,m3,15656.101,3Q28Q62 B6 RT
AJ67U2B,Superstructure,Frame and Slab,RC Beam,Precast,G40,0.8,m3,9192.52,QD0BQJGBZ D BQGQ2WZ
FS6ZSBQJ,Superstructure,Frame and Slab,RC Beam,Precast,G40,80%,m3,8021.0,ENAIXV2H  O3R6
Z6SFHVQ3,Superstructure,Frame and Slab,RC Beam,Precast,35,80%,m3,2833.5,WL0CGU D UKJ60H
EK0OWJWJ,Superstructure,Frame and Slab,RC Beam,Precast,35,No,m3,27448.235,O88Q88M3 8J R
B6FMMV9D,Superstructure,Frame and Slab,RC Beam,Precast,35,No,m3,9632.82,XOLVOKB II 6
LGFYXQVA,Superstructure,Frame and Slab,RC Beam,Precast,G40,"Yes,1:35",m3,31121.634,NQDQ4IAB XZ 
KA0P11G2,Superstructure,Frame and Slab,RC Column,Cast in-situ,G30,,m3,31628.7,R5T7R9 6W I
U0X1MJJ8O,Superstructure,Frame and Slab,RC Column,Cast in-situ,G30,,m3,34510.27,5CWG7B3 O 0
RWLT79WH,Superstructure,Frame and Slab,RC Column,Cast in-situ,G40,,m3,2931.0,7SUO71TWF Y 053FLO
ZIVBPGV4,Superstructure,Frame and Slab,RC Column,Cast in-situ,35,,m3,22059.0,IOCEPP5H 87 N
S8Y87K5M,Superstructure,Frame and Slab,RC Column,Cast in-situ,35,,m3,4051.2,E7V8KI 8I HM4ZO
DU8GTHVCJ,Superstructure,Frame and Slab,RC Column,Cast in-situ,G30,,m3,20549.11,X9RZQL  
HARG36,Superstructure,Frame and Slab,RC Column,Cast in-situ,G30,,m3,9046.2,3LFND9B D YOMA16U
8B97IF,Superstructure,Frame and Slab,RC Column,Cast in-situ,35,,m3,4116.0,42G4CY4 UD I510
2W8CLY,Superstructure,Frame and Slab,RC Column,Cast in-situ,G40,,m3,25059.0,VMMF6RLM7 E 
HJBBIGL50,Superstructure,Frame and Slab,RC Column,Cast in-situ,35,,m3,37297.706,324G7QZ56  0B0E
XFDENYM,Superstructure,Frame and Slab,RC Column,Cast in-situ,G40,,m3,15534.0,OPDQYB 18 DS8R3O
RVNGMVC0Q,Superstructure,Frame and Slab,RC Column,Cast in-situ,G40,,m3,36966.0,NQ0ACSI7 N TU5V
X56MJBDBW,Superstructure,Frame and Slab,RC Column,Cast in-situ,G40,,m3,14921.363,LE3DIEG  NA0FXS
46CKNPI88,Superstructure,Frame and Slab,RC Column,Cast in-situ,G30,,m3,36662.21,XTWR8N8 I0 5U
6UOND8HEI,Superstructure,Frame and Slab,RC Column,Cast in-situ,35,,m3,18869.0,T1PKC6HFL F GIY9O
3WPDDVWB,Superstructure,Frame and Slab,RC Column,Cast in-situ,G40,,m3,34511.0,U25Q5FYE RB 9R1B2
IFR3VY,Superstructure,Frame and Slab,RC Column,Cast in-situ,G40,,m3,21647.0,4M93HVHHC  9T
CWODEK,Superstructure,Frame and Slab,RC Column,Cast in-situ,G40,,m3,27491.6,VLFE8PB Y6 79CKCIZ
Q17MJKL,Superstructure,Frame and Slab,RC Column,Cast in-situ,G40,,m3,22369.3,X098XTOY  3HTJA
JHN8J5IT,Superstructure,Frame and Slab,RC Column,Cast in-situ,G30,,m3,1907.2,NWTX87W7B  VRO
FRMO29GV,Superstructure,Frame and Slab,RC Column,Castinsitu,G40,,m3,35501.414,Q0HVE2APO 5 CPD
SWCDL1M,Superstructure,Frame and Slab,RC Column,Castinsitu,35,,m3,1332.53,NVLN1D 20 33CDMPO
857T70LV,Superstructure,Frame and Slab,RC Column,Castinsitu,35,,m3,37226.1,RJN3YYXO 05 V
1WJ9JNS,Superstructure,Frame and Slab,RC Column,Castinsitu,G40,,m3,16251.58,TB13JQ8G R RE0
OH9KY5R,Superstructure,Frame and Slab,RC Column,Castinsitu,G40,,m3,16631.7,B9GEY1T W5 WJMEQ8
1PLZLDHZZ,Superstructure,Frame and Slab,RC Column,Castinsitu,G40,,m3,12175.3,V1I51UQ LV DZGROV4
JPFV5PKN,Superstructure,Frame and Slab,RC Column,Castinsitu,G40,,m3,9506.075,RVSIPMVS9  
NSBKUKYC,Superstructure,Frame and Slab,RC Column,Castinsitu,G30,,m3,62.324,A5L10ZSAJ Q CGJ
6YYCVIRD,Superstructure,Frame and Slab,RC Column,Castinsitu,35,,m3,10465.44,3QRIZCVW  RW1Y
MX5DJ1O,Superstructure,Frame and Slab,RC Column,Castinsitu,35,,m3,29307.0,LBM24Y U PAG3J
6CC2VZ,Superstructure,Frame and Slab,RC Column,Castinsitu,G30,,m3,23648.3,FCYYRLT2 H Q7U
LUMALX2MH,Superstructure,Frame and Slab,RC Column,Castinsitu,35,,m3,21323.256,G3L7IG92C  D
Z6RTT6RS,Superstructure,Frame and Slab,RC Column,Castinsitu,G40,,m3,11065.52,HCIE8MBOB OM ZHVFW
IFBGSFK1R,Superstructure,Frame and Slab,RC Column,Castinsitu,G40,,m3,14679.995,9CLB9QTB  MB
Q4AGTNQ,Superstructure,Frame and Slab,RC Column,Castinsitu,G30,,m3,23514.351,V0QYJF WD 
BGSN5A,Superstructure,Frame and Slab,RC Column,Castinsitu,35,,m3,9872.01,XGJ14F SU YU
608PNW,Superstructure,Frame and Slab,RC Column,Castinsitu,G40,,m3,32486.3,T6VA3IM5  
YVRJABGA,Superstructure,Frame and Slab,RC Column,Castinsitu,G30,,m3,23973.15,79KQGL0IM L N7OIT6
NAHWUH1BF,Superstructure,Frame and Slab,RC Column,Precast,G40,,m3,3099.9,1R1BKMCSB U8 E2
2WDWDGB,Superstructure,Frame and Slab,RC Column,Precast,35,,m3,31338.6,YM09PH4 R6 95S4V
UT0F58L,Superstructure,Frame and Slab,RC Column,Precast,G40,,m3,21088.156,2YB0I96Q FU WQV9
LE2UGFSM,Superstructure,Frame and Slab,RC Column,Precast,35,,m3,16338.8,PGN9J9 1 B
212PYWAS,Superstructure,Frame and Slab,RC Column,Precast,G30,,m3,22909.0,ST3PHLD0C JV TH
A3TJUJ,Superstructure,Frame and Slab,RC Column,Precast,G40,,m3,39209.24,3DFNFHYN 9 QVS4N
ASUWOOHK,Superstructure,Frame and Slab,RC Column,Precast,35,,m3,5187.0,J0406L3Q  S9M
GZNO5JHS0,Superstructure,Frame and Slab,RC Column,Precast,G40,,m3,2988.69,2CVLABD G UP
MM6QJTQU9,Superstructure,Frame and Slab,RC Column,Precast,35,,m3,2113.9,4H6B7MNYW  
HS7TYD,Superstructure,Frame and Slab,RC Column,Precast,G30,,m3,12454.1,7DZHFK  AA9L7W
KRIOHWR,Superstructure,Frame and Slab,RC Column,Precast,G30,,m3,39225.0,EMYR6TQ K F1BLU3J
2A7CMJ,Superstructure,Frame and Slab,RC Column,Precast,G30,,m3,30078.981,9RFIFRO6  21GX3ZB
CSMRYFJEO,Superstructure,Frame and Slab,RC Column,Precast,G30,,m3,15644.0,W9TQJ82PK  2JAU
TM0A73VH0,Superstructure,Frame and Slab,RC Column,Precast,35,,m3,28216.21,DNIBPFY  NET
X11UET,Superstructure,Frame and Slab,RC Column,Precast,G40,,m3,10665.3,U8UWW3P 03 3N
AGBEG8J,Superstructure,Frame and Slab,RC Column,Precast,G30,,m3,22627.0,BSAG76MN 6 SQN9
8TA9242U,Superstructure,Frame and Slab,RC Column,Precast,G40,,m3,25767.0,MQQ8MGP4B 3T TA1M5S
O6J16E,Superstructure,Frame and Slab,RC Column,Precast,G30,,m3,6704.284,6CQ4DN UY S4SO7X
CS0F5KD,Superstructure,Frame and Slab,RC Column,Precast,G30,,m3,489.0,6ECK7929 CV ABL8MXK
XKFUQU,Superstructure,Frame and Slab,RC Column,Precast,G30,,m3,19462.0,JC16SHIZ 4 
WXAFZZ6H1,Superstructure,Frame and Slab,RC Column,Precast,35,,m3,28405.517,NDFHTY8  G1
LYWJLI,Superstructure,Frame and Slab,RC Column,Precast,G30,,m3,1611.0,1EUEDPZRQ  D2T25
XCDAKVE,Superstructure,Frame and Slab,RC Slab,Cast in-situ,35,,m3,14018.338,1LR6GUB  YO
6QGAPNT,Superstructure,Frame and Slab,RC Slab,Cast in-situ,35,,m3,30282.0,8JDJU8 9Y YJF3EN
0HNVPKHE1,Superstructure,Frame and Slab,RC Slab,Cast in-situ,35,,m3,28083.2,N1YHPX2R 7 660JHJ
BCZXXS,Superstructure,Frame and Slab,RC Slab,Cast in-situ,G30,,m3,33061.595,EJ5CXO 1Q 
7Z2XS5Y,Superstructure,Frame and Slab,RC Slab,Cast in-situ,G30,,m3,14856.2,GBQMTZ8 X 3YLPOX
ICFHBTGJS,Superstructure,Frame and Slab,RC Slab,Cast in-situ,35,,m3,10276.9,6DB35H O8 58YRSQ
QJ7UQA,Superstructure,Frame and Slab,RC Slab,Cast in-situ,35,,m3,2606.0,80S1K4RY AN QAAUIA
ZIUL6U,Superstructure,Frame and Slab,RC Slab,Cast in-situ,G40,,m3,1983.34,VS4C4J3GO U WD15P3
PBWVI5S,Superstructure,Frame and Slab,RC Slab,Cast in-situ,35,,m3,15664.8,V04RBWFLJ  39
26I2UT6Y3,Superstructure,Frame and Slab,RC Slab,Cast in-situ,G40,,m3,7226.0,0W65Q9XC4 3D LL
7HEGDERN9,Superstructure,Frame and Slab,RC Slab,Cast in-situ,G30,,m3,13578.915,BBVK1M088  OB36
XBL048CE9,Superstructure,Frame and Slab,RC Slab,Cast in-situ,G40,,m3,5839.7,O0EB8HF1 1 XFANV
440P3JZH,Superstructure,Frame and Slab,RC Slab,Cast in-situ,35,,m3,611.889,9IKA6R9EW X U9X6ME
8P496D,Superstructure,Frame and Slab,RC Slab,Cast in-situ,35,,m3,2322.09,B7S7Q0 H6 BGL
AU5OMZGKI,Superstructure,Frame and Slab,RC Slab,Cast in-situ,35,,m3,16853.0,QBSIL2YOB  54U
Z9PPCL77U,Superstructure,Frame and Slab,RC Slab,Cast in-situ,G30,,m3,11949.0,CE9NKJ4R  
0KJPD7J,Superstructure,Frame and Slab,RC Slab,Cast in-situ,G30,,m3,36010.08,ZIHIA4  PZ9QJN
KNE7ZVS1X,Superstructure,Frame and Slab,RC Slab,Cast in-situ,G30,,m3,38759.0,QZIAUC JT T5O6
IF02OU,Superstructure,Frame and Slab,RC Slab,Cast in-situ,G30,,m3,39195.417,OUQ57BWV3  RK4R
J7JQZ7,Superstructure,Frame and Slab,RC Slab,Cast in-situ,G30,,m3,3395.0,GZCOMW 3C 7
TWSPD2D,Superstructure,Frame and Slab,RC Slab,Cast in-situ,G30,,m3,34545.9,PD1V6B77 T HMSH
MTHCAM9,Superstructure,Frame and Slab,RC Slab,Cast in-situ,G30,,m3,35771.8,6IOC85252 WX VJ8
NV4YIWJO8,Superstructure,Frame and Slab,RC Slab,Cast in-situ,G40,,m3,14916.7,TR1ZGOL5K EH 
LBQXYUW4,Superstructure,Frame and Slab,RC Slab,Cast in-situ,G30,,m3,8342.0,W8S3SAQA4 JF B93QS
HS36BKNHA,Superstructure,Frame and Slab,RC Slab,Cast in-situ,35,,m3,965.305,FHW0O36  5ZKVD9M
WIOCG7,Superstructure,Frame and Slab,RC Slab,Cast in-situ,35,,m3,23227.05,YY4O0LE O MNR
6A2F6J,Superstructure,Frame and Slab,RC Slab,Cast in-situ,G40,,m3,11599.9,3J32ZM W HBOP
75M83ZN,Superstructure,Frame and Slab,RC Slab,Cast in-situ,G40,,m3,9369.0,9L2KRJ Q TBJHO6
L38ESP7P,Superstructure,Frame and Slab,RC Slab,Cast in-situ,G30,,m3,24111.52,9WFBNH3 L YT0HZX9
XZI2AMPDQ,Superstructure,Frame and Slab,RC Slab,Cast in-situ,G30,,m3,32638.0,7QT15C V M70
N4EP2AL7,Superstructure,Frame and Slab,RC Slab,Cast in-situ,35,,m3,30759.8,WPXELXAF9 4 S
E1DF38P,Superstructure,Frame and Slab,RC Slab,Castinsitu,G40,,m3,5741.0,JKX7GG L AZL
EDJIT115,Superstructure,Frame and Slab,RC Slab,Castinsitu,G30,,m3,36161.0,LMRQVRE KG F
836KZDFN,Superstructure,Frame and Slab,RC Slab,Castinsitu,35,,m3,17481.0,I1HBDN G7 
IISAEHHU,Superstructure,Frame and Slab,RC Slab,Castinsitu,G30,,m3,31155.0,C22NVPZCF T S1
1EXKRAU,Superstructure,Frame and Slab,RC Slab,Castinsitu,G30,,m3,26227.02,CCMHOI4M  W59
LFKW2QN,Superstructure,Frame and Slab,RC Slab,Castinsitu,G40,,m3,11578.13,XJTLKNMY ZJ MDDD9
X5CA6WR6J,Superstructure,Frame and Slab,RC Slab,Castinsitu,35,,m3,25950.0,IINFITE05 D7 L524
MNNKVKY,Superstructure,Frame and Slab,RC Slab,Castinsitu,G30,,m3,23855.5,XU6BFE1OH  GF1
25U8HJ6,Superstructure,Frame and Slab,RC Slab,Castinsitu,35,,m3,27992.8,ZRDDPO  WECTMB
HTN24O,Superstructure,Frame and Slab,RC Slab,Castinsitu,G30,,m3,39797.5,72U6A2Z1  DR
MJ7BGO,Superstructure,Frame and Slab,RC Slab,Castinsitu,G30,,m3,6693.0,ES5QNM1S 5N KN1Y
PGHJCU6M9,Superstructure,Frame and Slab,RC Slab,Castinsitu,G30,,m3,7658.0,OAUIQX7BN Z YRJ
9BIJW5DPE,Superstructure,Frame and Slab,RC Slab,Castinsitu,G30,,m3,429.24,OEPSAG  8ON6DY
26PVVM4PX,Superstructure,Frame and Slab,RC Slab,Castinsitu,35,,m3,14935.1,BISFPRTQ I E5R
BLZXJQFE8,Superstructure,Frame and Slab,RC Slab,Castinsitu,35,,m3,10324.0,0O02PYBLU  QA
PBMQC39B,Superstructure,Frame and Slab,RC Slab,Castinsitu,G30,,m3,21435.0,LTUGBBFGI  3AP
TBU61I9J6,Superstructure,Frame and Slab,RC Slab,Castinsitu,G40,,m3,7115.0,O1XGATJ F0 T
S2FJWOKR,Superstructure,Frame and Slab,RC Slab,Castinsitu,G40,,m3,11077.8,6FZULU 3U QXUX6
C19E211YL,Superstructure,Frame and Slab,RC Slab,Castinsitu,G30,,m3,13967.8,RCTQQOD R AK1
KQI860M5V,Superstructure,Frame and Slab,RC Slab,Castinsitu,G30,,m3,30371.0,1ARCK44NT  0
CXU9TB61H,Superstructure,Frame and Slab,RC Slab,Castinsitu,G30,,m3,13265.796,SNIZGKGE U XQIMF5
JW8W5J,Superstructure,Frame and Slab,RC Slab,Castinsitu,G40,,m3,24494.2,WADCEFEYC TO 9UKPUJL
WFP1B77K,Superstructure,Frame and Slab,RC Slab,Castinsitu,G40,,m3,6193.0,UP0QPPSP S 34
TVWTH7IA,Superstructure,Frame and Slab,RC Slab,Castinsitu,G30,,m3,34361.0,XHHMYJJS4  OV
O0JPRK,Superstructure,Frame and Slab,RC Slab,Castinsitu,G40,,m3,26022.0,K1QZWCSF  
B7M8F1,Superstructure,Frame and Slab,RC Slab,Castinsitu,35,,m3,7077.925,J4WPL6YH1 UC KJP1V
JZT0WVQ5G,Superstructure,Frame and Slab,RC Slab,Castinsitu,35,,m3,32213.0,F9L9BMMI Z OROIR
S1DW8TN,Superstructure,Frame and Slab,RC Slab,Castinsitu,G30,,m3,15632.793,50WXDT  GMZGGCK
6STXRTI,Superstructure,Frame and Slab,RC Slab,Castinsitu,G40,,m3,29969.3,1XW2O9Y8 DZ 2X
DUTIMJ,Superstructure,Frame and Slab,RC Slab,Castinsitu,G40,,m3,18715.86,IJH4FC  STVR4Q
UJ1RFKY4,Superstructure,Frame and Slab,RC Slab,Castinsitu,G30,,m3,8878.03,YV7UPH  FV
0HBK6A,Superstructure,Frame and Slab,RC Slab,Precast,G30,,m3,22955.0,ITVT5NXT W 406XK8M
0S49YOB0,Superstructure,Frame and Slab,RC Slab,Precast,35,,m3,5902.4,6VTDA5 J UF
LM3CQNVT6,Superstructure,Frame and Slab,RC Slab,Precast,G30,,m3,37482.1,0VO7RNMHT T1 EDD
GDKF7GQ63,Superstructure,Frame and Slab,RC Slab,Precast,G40,,m3,15899.4,I5IL7BI S J5
EOUO72EP,Superstructure,Frame and Slab,RC Slab,Precast,G40,,m3,11184.44,DOB3GJ  YH8VLT8
KBU11JZ2U,Superstructure,Frame and Slab,RC Slab,Precast,35,,m3,10600.0,56XFGWK DB 5
NWQKCB,Superstructure,Frame and Slab,RC Slab,Precast,G30,,m3,33503.39,8QB2QCW  
EAOS5PO,Superstructure,Frame and Slab,RC Slab,Precast,G40,,m3,28792.5,IMPC6AE4T 1 XILJ6LT
830XKY1,Superstructure,Frame and Slab,RC Slab,Precast,G40,,m3,28584.0,LBHC3L CM JH
MV3PDMN,Superstructure,Frame and Slab,RC Slab,Precast,G40,,m3,36216.5,W3LWHM8K1 T6 B
9Q4JIC,Superstructure,Frame and Slab,RC Slab,Precast,G30,,m3,35781.25,SMS2Z9LZE  
266IMVFS1,Superstructure,Frame and Slab,RC Slab,Precast,G40,,m3,28505.0,ZMHUFWAGF  RU
SQDNN6KOW,Superstructure,Frame and Slab,RC Slab,Precast,G40,,m3,11920.1,TIQDFQNF I HYS
Y55M04,Superstructure,Frame and Slab,RC Slab,Precast,35,,m3,35448.913,F7282IQ 5 NH1
LAX3S7,Superstructure,Frame and Slab,RC Slab,Precast,G40,,m3,4742.5,42OC7F  Q2AXN
2M4OQ69,Superstructure,Frame and Slab,RC Slab,Precast,G40,,m3,31863.53,QIZJO3H3 K4 L8AGM
CGL9KBET,Superstructure,Frame and Slab,RC Slab,Precast,35,,m3,5583.99,YP20R6TNQ B 6OF4PZH
B0I9WUKF,Superstructure,Frame and Slab,RC Slab,Precast,G30,,m3,36396.8,IF78QVNIZ F1 PKI
SPR0KKOS,Superstructure,Frame and Slab,RC Slab,Precast,G40,,m3,23013.338,R0SETUP Q I89JL
B8FJRJHR,Superstructure,Frame and Slab,RC Slab,Precast,G30,,m3,17771.0,EUL73UGL W 70
3NZV9CEPD,Superstructure,Frame and Slab,RC Slab,Precast,G40,,m3,4600.9,7VQ8AEUUF  S4
N89DAHU,Superstructure,Frame and Slab,RC Slab,Precast,G30,,m3,28052.36,51X4FR4 C NP
CIH6JV,Superstructure,Frame and Slab,RC Slab,Precast,G40,,m3,16752.043,97WXSMH  9QCZK
87TX8GDF8,Superstructure,Frame and Slab,RC Slab,Precast,35,,m3,32618.333,M3G5NOV L FM6G5
P1DBSNV,Superstructure,Frame and Slab,RC Slab,Precast,G30,,m3,25604.148,EXNXCG  0
EC6QPGK,Superstructure,Frame and Slab,RC Slab,Precast,G30,,m3,30442.55,080JNYQ2 MU GMT23Y4
SZL7LJ4,Superstructure,Frame and Slab,RC Slab,Precast,35,,m3,14103.006,8FD1LPF GI 8OOIEEV
NBGXSZ,Superstructure,Frame and Slab,RC Slab,Precast,G40,,m3,18456.0,0IIMRP  6ON6MM
5XLPHEBRD,Superstructure,Frame and Slab,RC Slab,Precast,35,,m3,23570.32,NQ3L7J 6Z PDINS
JJZ8LLI,Superstructure,Frame and Slab,RC Slab,Precast,G30,,m3,23372.452,YA0GO1Q G DR7
K7UY2LGC,Superstructure,Frame and Slab,RC Slab,Precast,G40,,m3,30803.842,5KZJ4L I R
H668TD,Superstructure,Frame and Slab,RC Slab,Precast,G30,,m3,36316.066,RTDVGPKH VQ 
LDC2Q925Y,Superstructure,Frame and Slab,RC Slab,Precast,G30,,m3,23960.344,PM54R9GH  
SQT72L,Superstructure,Frame and Slab,RC Slab,Precast,G30,,m3,36769.303,6EO6GPIL 7 N6WV
5C857ON7V,Superstructure,Frame and Slab,RC Staircase,Cast in-situ,G30,,m3,22246.0,IC3Z3YBL5 L F6
4LJ4L3B,Superstructure,Frame and Slab,RC Staircase,Cast in-situ,G30,,m3,17723.2,HCT8YHXE 1 G
OGSP0RXJ9,Superstructure,Frame and Slab,RC Staircase,Cast in-situ,35,,m3,29142.39,YERAH3 X P
1D0BX7,Superstructure,Frame and Slab,RC Staircase,Cast in-situ,G40,,m3,9008.0,JLDTZITBL  Y
GI6EWQ,Superstructure,Frame and Slab,RC Staircase,Cast in-situ,G40,,m3,3483.712,WASVBB  ZKV
FQU04SO4,Superstructure,Frame and Slab,RC Staircase,Cast in-situ,G30,,m3,14779.305,DO4GAFQUN 57 5VR73Y
FF3ZY8,Superstructure,Frame and Slab,RC Staircase,Cast in-situ,35,,m3,32082.925,ZQ8VYIKA 3 H3TWMS2
MX3FWKZW,Superstructure,Frame and Slab,RC Staircase,Cast in-situ,G40,,m3,2607.789,6PH1PXC U A76W4
KRY4P94,Superstructure,Frame and Slab,RC Staircase,Cast in-situ,35,,m3,2408.7,RQAMNX  TLAPS
N1RZGTP8,Superstructure,Frame and Slab,RC Staircase,Cast in-situ,35,,m3,21580.0,KZ97XI9LU X 1
XMECYY,Superstructure,Frame and Slab,RC Staircase,Cast in-situ,G40,,m3,32205.41,O1JNK5R9Q 2 3
93CZRVYBM,Superstructure,Frame and Slab,RC Staircase,Cast in-situ,35,,m3,10671.58,IWTGGE  XS
495R8HH,Superstructure,Frame and Slab,RC Staircase,Cast in-situ,G30,,m3,15521.27,OXE5XFASD E 
IJJAFI,Superstructure,Frame and Slab,RC Staircase,Cast in-situ,35,,m3,21478.0,GR6QT5S3U 13 MHMCD6X
F8QK0Z,Superstructure,Frame and Slab,RC Staircase,Cast in-situ,G30,,m3,23073.642,9I88KGW4H B NUNH1XD
TBRQ60,Superstructure,Frame and Slab,RC Staircase,Cast in-situ,35,,m3,30225.0,TMJPY5H9 MS 
P02F2CWD,Superstructure,Frame and Slab,RC Staircase,Cast in-situ,G40,,m3,32197.0,3JY8N3U 49 
V0LVXC,Superstructure,Frame and Slab,RC Staircase,Castinsitu,G30,,m3,9634.27,U3BUCP UP 
AVEU8I,Superstructure,Frame and Slab,RC Staircase,Castinsitu,G40,,m3,724.43,PHZ74C9 2 2HC
7STJCCA0R,Superstructure,Frame and Slab,RC Staircase,Castinsitu,35,,m3,2670.6,OYZ8UM 8P 24V
ZRQV0EASX,Superstructure,Frame and Slab,RC Staircase,Castinsitu,35,,m3,24856.2,0650YVFX  ECKH3U
U59EYTK,Superstructure,Frame and Slab,RC Staircase,Castinsitu,G40,,m3,26723.8,P72XSO6O  54DL3
WSYQZL,Superstructure,Frame and Slab,RC Staircase,Castinsitu,G40,,m3,22112.0,EMFDJW5 I V
980AMPCK,Superstructure,Frame and Slab,RC Staircase,Castinsitu,35,,m3,4013.3,TU2Z1YQBA D TI2E32
0P7NTWJ,Superstructure,Frame and Slab,RC Staircase,Castinsitu,G40,,m3,2070.0,3X5FJPMAI  IMI
LJ4EDF,Superstructure,Frame and Slab,RC Staircase,Castinsitu,G40,,m3,28788.85,6QBIS3  
6D7I99,Superstructure,Frame and Slab,RC Staircase,Castinsitu,35,,m3,16353.0,L7ZQVXV FK FJEA
HX92SHX,Superstructure,Frame and Slab,RC Staircase,Castinsitu,G30,,m3,14993.7,AYIO2ZX42 HH 50
XU1DXLVSZ,Superstructure,Frame and Slab,RC Staircase,Castinsitu,35,,m3,23657.1,JVHJGHYN 16 OZMSEYP
DWRB7S1NE,Superstructure,Frame and Slab,RC Staircase,Castinsitu,35,,m3,15679.0,4KVP218X S 7X0J
R9NGZ7D,Superstructure,Frame and Slab,RC Staircase,Castinsitu,35,,m3,12333.66,9RI5FPB7  4YFF
R7SJYOK81,Superstructure,Frame and Slab,RC Staircase,Castinsitu,G30,,m3,12295.0,TQVBM3F5  LMJV5MX
58QUIAC,Superstructure,Frame and Slab,RC Staircase,Castinsitu,G40,,m3,3325.1,1X04C1Y9D Z4 
NS7M3U18,Superstructure,Frame and Slab,RC Staircase,Castinsitu,G30,,m3,27812.84,OPHWUDDU UR ZSD2Y
A9AVKB,Superstructure,Frame and Slab,RC Staircase,Castinsitu,G30,,m3,36747.96,A3QD19PK MR NQ
OGWXYD69,Superstructure,Frame and Slab,RC Staircase,Precast,G30,,m3,8406.3,R3KHOXKWK S A7Z
FLWOX94,Superstructure,Frame and Slab,RC Staircase,Precast,G30,,m3,31512.97,3FJS293S D6 
RG0XF2G,Superstructure,Frame and Slab,RC Staircase,Precast,35,,m3,22857.5,P6DHWAO1  2XK49
MFTJGN,Superstructure,Frame and Slab,RC Staircase,Precast,G40,,m3,9104.63,X0M0T7 JS BXKYYB3
FXPYQ8WE1,Superstructure,Frame and Slab,RC Staircase,Precast,G30,,m3,26431.3,45CESLOI  
LDUYMB,Superstructure,Frame and Slab,RC Staircase,Precast,G40,,m3,33164.377,L66592OH0 8T 
5ODVFISF,Superstructure,Frame and Slab,RC Staircase,Precast,G30,,m3,20119.0,3QBEX2 0K 
V810T603U,Superstructure,Frame and Slab,RC Staircase,Precast,35,,m3,26662.3,835ENRN P MAD1R
FJB19HO6,Superstructure,Frame and Slab,RC Staircase,Precast,G40,,m3,5740.604,E3WPTDX4 0 WL
AMR1OL,Superstructure,Frame and Slab,RC Staircase,Precast,35,,m3,31306.68,F4KJ2UXU K K39J2IK
Q2HB2NV,Superstructure,Frame and Slab,RC Staircase,Precast,G30,,m3,9313.713,JHVR2HN  W2CDQ
444YWHL,Superstructure,Frame and Slab,RC Staircase,Precast,35,,m3,19535.3,F8P2DM WE KIBQ
UY4EIZ,Superstructure,Frame and Slab,RC Staircase,Precast,G30,,m3,2957.083,R9YF3V 4C UWLTAKT
IYJXD89,Superstructure,Frame and Slab,RC Staircase,Precast,G40,,m3,4972.745,JUO3DVAD7 I P
VVP0S5,Superstructure,Frame and Slab,RC Staircase,Precast,G30,,m3,35305.987,ZAFMVV CH 8ZN
5XWVSD,Superstructure,Frame and Slab,RC Staircase,Precast,G30,,m3,11801.0,N3B2LV KK 042WIJ
GV8OYGS,Superstructure,Frame and Slab,RC Staircase,Precast,35,,m3,18097.79,MSMCU0 4 0M6GI
OFZU3F,Superstructure,Frame and Slab,RC Staircase,Precast,G40,,m3,6001.52,LMCDW9 G N
XWEMYWJGF,Superstructure,Frame and Slab,RC Staircase,Precast,G40,,m3,7089.0,T08YPJ JP H0
LR77W2QN,Superstructure,Frame and Slab,Steel Beam,BS4360 Grade 43A,152 x 152 x 23 UC,,kg,9866.0,JJZ1T3 1 Z7
9SRX0ZYI,Superstructure,Frame and Slab,Steel Beam,BS4360 Grade 43A,152 x 152 x 23 UC,,kg,28238.27,6XRWQXJ4S 0 1R16P8
3WD8MVC,Superstructure,Frame and Slab,Steel Beam,BS4360 Grade 43A,5,,kg,21377.6,4AU3U5 5 CANFEU
WQSXWLJBY,Superstructure,Frame and Slab,Steel Beam,BS4360 Grade 43A,152 x 152 x 23 UC,,kg,36722.0,7L8BMPZ 3L GAHK4
F6KWA6A,Superstructure,Frame and Slab,Steel Beam,BS4360 Grade 43A,5,,kg,39944.616,CQB2A3P8  Y8
IP0JJRUP,Superstructure,Frame and Slab,Steel Beam,BS4360 Grade 43A,152 x 152 x 23 UC,,kg,16175.0,1H2NO4  CXPUGU
MAMS52,Superstructure,Frame and Slab,Steel Beam,BS4360 Grade 43A,5,,kg,19764.834,7SXRS3  Q3
6DLCIK,Superstructure,Frame and Slab,Steel Beam,BS4360 Grade 43A,152 x 152 x 23 UC,,kg,20598.0,PDF2PTK8R 3I WGF8QA
54PPFVVL,Superstructure,Frame and Slab,Steel Beam,BS4360 Grade 43A,5,,kg,36159.87,RCNK1QF 0 Y4J
3HKIZVR2,Superstructure,Frame and Slab,Steel Beam,BS4360 Grade 43A,152 x 152 x 23 UC,,kg,10505.397,EJZUPO N FF
LP7GPBN6,Superstructure,Frame and Slab,Steel Beam,BS4360 Grade 43A,5,,kg,4285.2,POSFRM R CYN
2XHR4UFB,Superstructure,Frame and Slab,Steel Beam,BS4360 Grade 43A,5,,kg,12010.07,S57GYTNT  75
KAP7AF5Y4,Superstructure,Frame and Slab,Steel Beam,BS4360 Grade 43A,152 x 152 x 23 UC,,kg,1270.0,AE1PYGNG0  U
XQ9BRL,Superstructure,Frame and Slab,Steel Beam,BS4360 Grade 43A,5,,kg,19877.1,V4K573 7 
8DU76U5,Superstructure,Frame and Slab,Steel Beam,BS4360 Grade 43A,152 x 152 x 23 UC,,kg,25017.674,E8CFC1EUW S ZAW531R
BJH1U5O7O,Superstructure,Frame and Slab,Steel Beam,BS4360 Grade 43A,5,,kg,19288.512,VG7SZ7  5H9
APIC1M7K,Superstructure,Frame and Slab,Steel Beam,BS4360 Grade 43A,152 x 152 x 23 UC,,kg,38065.0,HYT7AJJQ 18 C9ICG5
LEDS3D,Superstructure,Frame and Slab,Steel Beam,BS4360 Grade 43A,152 x 152 x 23 UC,,kg,9127.5,AURARWZT YQ CZQ3S
XDPYP2FA,Superstructure,Frame and Slab,Steel Beam,BS4360 Grade 43A,152 x 152 x 23 UC,,kg,25535.1,EM576I 8 ZWDL8C
21IWTE99X,Superstructure,Frame and Slab,Steel Beam,BS4360 Grade 43A,5,,kg,1882.0,P9C7KC8 T2 32U
Q6I33B,Superstructure,Frame and Slab,Steel Beam,BS4360 Grade 43A,152 x 152 x 23 UC,,kg,17233.4,YW5H2Q7M H ONYA6
MCWFJ6A4L,Superstructure,Frame and Slab,Steel Beam,EN 10025 S275,5,,kg,32783.53,ZE5YTGF0 F P5M6D
23IQHC6GM,Superstructure,Frame and Slab,Steel Beam,EN 10025 S275,152 x 152 x 23 UC,,kg,32425.9,NLK0E02 N6 3TE9
Q7JACZT,Superstructure,Frame and Slab,Steel Beam,EN 10025 S275,5,,kg,38780.82,O4CP9WH ES JIUMRIT
UARW9Z,Superstructure,Frame and Slab,Steel Beam,EN 10025 S275,152 x 152 x 23 UC,,kg,22858.0,Y9ICJE Q C
NXW8LR,Superstructure,Frame and Slab,Steel Beam,EN 10025 S275,5,,kg,26282.96,VUQP1ICI8 V 2IONV9Y
HC88JR,Superstructure,Frame and Slab,Steel Beam,EN 10025 S275,5,,kg,8751.8,018O4LSVE W 1BPO
XWZMOAIO,Superstructure,Frame and Slab,Steel Beam,EN 10025 S275,152 x 152 x 23 UC,,kg,23345.9,WVQ1AA5TB  
6YQOA4E,Superstructure,Frame and Slab,Steel Beam,EN 10025 S275,152 x 152 x 23 UC,,kg,29992.0,8AZO8LN K EIW
NKYYC4KDN,Superstructure,Frame and Slab,Steel Beam,EN 10025 S275,152 x 152 x 23 UC,,kg,31848.0,5FFKQBJR U OOOK
KRT0N30,Superstructure,Frame and Slab,Steel Beam,EN 10025 S275,152 x 152 x 23 UC,,kg,33640.0,0QGY63GWB 7B Y88TK
P9KZQWOKL,Superstructure,Frame and Slab,Steel Beam,EN 10025 S275,152 x 152 x 23 UC,,kg,5198.2,U61CVWQI E 6Q
PBUYXCY,Superstructure,Frame and Slab,Steel Beam,EN 10025 S275,152 x 152 x 23 UC,,kg,17367.967,PBTZHNUAC  2
72BZOS5,Superstructure,Frame and Slab,Steel Beam,EN 10025 S275,152 x 152 x 23 UC,,kg,6888.229,L0XBU2O 7Q 
S9HSMJ92Y,Superstructure,Frame and Slab,Steel Beam,EN 10025 S275,152 x 152 x 23 UC,,kg,8810.7,31ZTPX4ME  N
IHQL9VKR,Superstructure,Frame and Slab,Steel Beam,EN 10025 S275,5,,kg,23880.54,HAGG4O Y GGGK21
CLEYOH,Superstructure,Frame and Slab,Steel Beam,EN 10025 S275,5,,kg,1196.638,O6XHJPJ5G 7 XKBJ
IJ14KW,Superstructure,Frame and Slab,Steel Beam,S355,5,,kg,28855.96,0898E7 YZ LHRRMSI
VANT6G9I,Superstructure,Frame and Slab,Steel Beam,S355,5,,kg,38801.505,2WFYMYCV7 4V THA415
BCC9KGTP,Superstructure,Frame and Slab,Steel Beam,S355,5,,kg,27081.0,UN0W7N7 7 VQSC275
BXAVZN,Superstructure,Frame and Slab,Steel Beam,S355,5,,kg,5663.0,QN3G7ORD  SNNI93I
ZJ62YTPR,Superstructure,Frame and Slab,Steel Beam,S355,152 x 152 x 23 UC,,kg,34690.0,WB7P4WMH9 TB 6D
IH9NQOHW,Superstructure,Frame and Slab,Steel Beam,S355,5,,kg,18395.0,SP8YSE2FB  59U
YJSLQ1E16,Superstructure,Frame and Slab,Steel Beam,S355,152 x 152 x 23 UC,,kg,8356.0,Q2THUV C 
RO5BR7WG,Superstructure,Frame and Slab,Steel Beam,S355,152 x 152 x 23 UC,,kg,19617.969,IP56ZH 6 
GGO7GDQCM,Superstructure,Frame and Slab,Steel Beam,S355,152 x 152 x 23 UC,,kg,38660.0,CM20Q35C  
AR31Y2UV,Superstructure,Frame and Slab,Steel Beam,S355,152 x 152 x 23 UC,,kg,28055.204,4I2NM1NH0 HI X0B9
XEKPNB3,Superstructure,Frame and Slab,Steel Beam,S355,152 x 152 x 23 UC,,kg,36801.84,ZBXQWRYJA Y 
XLCAIRBB,Superstructure,Frame and Slab,Steel Beam,S355,5,,kg,2491.182,AJHP63P4 I6 GZAFNC
6RS8GYKQ,Superstructure,Frame and Slab,Steel Beam,S355,152 x 152 x 23 UC,,kg,1305.84,ZEMBC4JA  XNR
ICE4WAEK,Superstructure,Frame and Slab,Steel Beam,S355,152 x 152 x 23 UC,,kg,35749.45,3I2WSMQ3 0S 
KAQQZRSPZ,Superstructure,Frame and Slab,Steel Beam,S355,5,,kg,21423.0,IY219V5MD 9 LH91MMR
GALDEF,Superstructure,Frame and Slab,Steel Beam,S355,152 x 152 x 23 UC,,kg,12116.0,RIC7R9AYR  08HKK
WJBJPB8,Superstructure,Frame and Slab,Steel Beam,S355,152 x 152 x 23 UC,,kg,26838.0,6CLN3PBN  KDDA2
FKAT4QWZ,Superstructure,Frame and Slab,Steel Beam,S355,5,,kg,32992.0,Y9K7WP4I Z6 1WAIK4N
T96QZSKH,Superstructure,Frame and Slab,Steel Beam,S355,5,,kg,34261.0,IUICHOTI  WX
KLW8RS1R,Superstructure,Frame and Slab,Steel Column,BS4360 Grade 43A,152 x 152 x 23 UC,,kg,26971.2,RKS7PSVYA U IGPXJ
DUMQ0BJ,Superstructure,Frame and Slab,Steel Column,BS4360 Grade 43A,152 x 152 x 23 UC,,kg,38355.1,HHO4AX WZ O8
OCZLVV77Y,Superstructure,Frame and Slab,Steel Column,BS4360 Grade 43A,5,,kg,36722.5,FOK1SVX H CEPU1A1
NVM6CGMYF,Superstructure,Frame and Slab,Steel Column,BS4360 Grade 43A,152 x 152 x 23 UC,,kg,28859.9,F2HCOES8L 3 FB1TB
FNGHHN,Superstructure,Frame and Slab,Steel Column,BS4360 Grade 43A,5,,kg,37494.0,EO1RN2 O 
DYG5R6JJ,Superstructure,Frame and Slab,Steel Column,BS4360 Grade 43A,152 x 152 x 23 UC,,kg,13842.0,V7ICPXMNV C 6JUT
0AB5F1CJM,Superstructure,Frame and Slab,Steel Column,BS4360 Grade 43A,152 x 152 x 23 UC,,kg,35346.73,WV9U5MJ OG 9J52ZM
2OBF4Y,Superstructure,Frame and Slab,Steel Column,BS4360 Grade 43A,152 x 152 x 23 UC,,kg,35396.5,S3DI2IBK  BP
TGLUDZ,Superstructure,Frame and Slab,Steel Column,BS4360 Grade 43A,152 x 152 x 23 UC,,kg,8612.72,YSNWOE  K90H
JKMRL1YIK,Superstructure,Frame and Slab,Steel Column,BS4360 Grade 43A,152 x 152 x 23 UC,,kg,27327.28,4V6YMGTK 1P WA
V8DZCNU,Superstructure,Frame and Slab,Steel Column,BS4360 Grade 43A,5,,kg,33395.01,YW42ZSWME  PV8MWOO
FLUX3W0,Superstructure,Frame and Slab,Steel Column,BS4360 Grade 43A,152 x 152 x 23 UC,,kg,13813.43,I3QXHK1  UAEUSA
P0EI7D8F,Superstructure,Frame and Slab,Steel Column,BS4360 Grade 43A,152 x 152 x 23 UC,,kg,27105.0,W4VJAHZC VE V
5QCM6U2QR,Superstructure,Frame and Slab,Steel Column,BS4360 Grade 43A,152 x 152 x 23 UC,,kg,482.1,SQIHVG1  YQLGSR
I3QWP5,Superstructure,Frame and Slab,Steel Column,BS4360 Grade 43A,152 x 152 x 23 UC,,kg,38783.11,BXKY0T8  YA88XDT
Y44AM2Q25,Superstructure,Frame and Slab,Steel Column,BS4360 Grade 43A,152 x 152 x 23 UC,,kg,8554.4,Z8C6VGHUS BJ V7S9Q
6ZUUE6KM,Superstructure,Frame and Slab,Steel Column,BS4360 Grade 43A,5,,kg,11266.0,7407TJ  
5MJD6V24Z,Superstructure,Frame and Slab,Steel Column,BS4360 Grade 43A,152 x 152 x 23 UC,,kg,33825.0,UK4WYEIB D CBGM
1OXGMQF2,Superstructure,Frame and Slab,Steel Column,BS4360 Grade 43A,152 x 152 x 23 UC,,kg,31832.0,DUN1SCZS BN VZ0J
03FDRG,Superstructure,Frame and Slab,Steel Column,BS4360 Grade 43A,152 x 152 x 23 UC,,kg,28471.0,K9JCY5M 9 5IT1
PUZRWNHYH,Superstructure,Frame and Slab,Steel Column,BS4360 Grade 43A,5,,kg,12838.59,Q8DEI0VDR Y 
X856GP,Superstructure,Frame and Slab,Steel Column,BS4360 Grade 43A,152 x 152 x 23 UC,,kg,5832.69,QCRA61U2U 1 MSYSZ
61RTBZG,Superstructure,Frame and Slab,Steel Column,BS4360 Grade 43A,152 x 152 x 23 UC,,kg,29027.61,GRM6MHMU0 O 
E8FNF923X,Superstructure,Frame and Slab,Steel Column,EN 10025 S275,152 x 152 x 23 UC,,kg,10372.7,T3F0JE3CP SB 6
6PZZILV,Superstructure,Frame and Slab,Steel Column,EN 10025 S275,5,,kg,21368.88,HOTC2H8F ED Q3QT
9E241RB,Superstructure,Frame and Slab,Steel Column,EN 10025 S275,5,,kg,11354.0,T2DUHB3 8P YZT
E4VKPI0Z6,Superstructure,Frame and Slab,Steel Column,EN 10025 S275,152 x 152 x 23 UC,,kg,4710.0,CJPABX PR 1FWY
LQGLY9,Superstructure,Frame and Slab,Steel Column,EN 10025 S275,5,,kg,426.77,8VK28JQ3 Z P7TGZSF
3CNA7RI,Superstructure,Frame and Slab,Steel Column,EN 10025 S275,5,,kg,38159.709,9GEVXQHQ I0 UE21
NHTI2ST6Q,Superstructure,Frame and Slab,Steel Column,EN 10025 S275,5,,kg,24617.2,JLV0ITWS5 X 00C
597JZV,Superstructure,Frame and Slab,Steel Column,EN 10025 S275,5,,kg,16892.73,4J83IHN3  E9QC
DJRC2W7,Superstructure,Frame and Slab,Steel Column,EN 10025 S275,5,,kg,6141.0,WMQQYHN 3U WF
QTUT0MT87,Superstructure,Frame and Slab,Steel Column,EN 10025 S275,5,,kg,4427.4,0FESBG0OC 6L Q
2973EL,Superstructure,Frame and Slab,Steel Column,EN 10025 S275,5,,kg,38166.0,X2L6A3KM UA WME2TCL
KXHFGI,Superstructure,Frame and Slab,Steel Column,EN 10025 S275,5,,kg,27494.0,P96R9N0 I OWTZ
2EN0K7,Superstructure,Frame and Slab,Steel Column,EN 10025 S275,5,,kg,6919.0,WN3EW2W HA 89JGN
410HFGSHF,Superstructure,Frame and Slab,Steel Column,EN 10025 S275,5,,kg,8553.7,FMK1IF  CQ
027QRA,Superstructure,Frame and Slab,Steel Column,EN 10025 S275,152 x 152 x 23 UC,,kg,30499.2,F5UUCW7 C3 ZVDMO
IO8JDP,Superstructure,Frame and Slab,Steel Column,EN 10025 S275,152 x 152 x 23 UC,,kg,9615.0,U80PL4GD X W6N
32RD33RQ4,Superstructure,Frame and Slab,Steel Column,EN 10025 S275,152 x 152 x 23 UC,,kg,28240.42,ATQRDLNY X 2
ILPESF2,Superstructure,Frame and Slab,Steel Column,EN 10025 S275,5,,kg,21594.7,ATK9USK G FKUY
2CF76X,Superstructure,Frame and Slab,Steel Column,EN 10025 S275,5,,kg,10975.1,V6Y5NN P W
BAAYJ4T3,Superstructure,Frame and Slab,Steel Column,EN 10025 S275,5,,kg,11416.0,X3EULC3  YIZM90
T51VYUJ,Superstructure,Frame and Slab,Steel Column,EN 10025 S275,5,,kg,31752.379,S6BO7X2 4 86BK
WBAE7KN6L,Superstructure,Frame and Slab,Steel Column,S355,5,,kg,33762.8,8IBKVC7  N8
IJOF7R60,Superstructure,Frame and Slab,Steel Column,S355,152 x 152 x 23 UC,,kg,19575.7,ETMNZUD93  TBDDQ9R
QBRHKG6S,Superstructure,Frame and Slab,Steel Column,S355,5,,kg,8891.4,UVROA7O JJ 26FGT
FQEDFJQZ,Superstructure,Frame and Slab,Steel Column,S355,5,,kg,32835.95,A8SSA6  CCGD
WMEFMWN0,Superstructure,Frame and Slab,Steel Column,S355,152 x 152 x 23 UC,,kg,3281.97,6URCQMTMA AQ D
95L6L4,Superstructure,Frame and Slab,Steel Column,S355,5,,kg,9083.0,VZQ1TN  LEZ2J
2L6XZI8F,Superstructure,Frame and Slab,Steel Column,S355,5,,kg,19723.37,T4ALKTFV0  A1K
794Q1EW1F,Superstructure,Frame and Slab,Steel Column,S355,152 x 152 x 23 UC,,kg,2340.0,BDZ6HP S N5
ILUD8E,Superstructure,Frame and Slab,Steel Column,S355,5,,kg,35482.753,YV5TE0  96EE
MZQS9M,Superstructure,Frame and Slab,Steel Column,S355,5,,kg,5703.484,BO4NZ614W H Y
54VLPZ3,Superstructure,Frame and Slab,Steel Column,S355,152 x 152 x 23 UC,,kg,32932.0,0IBTGWG 9E THRJD
UNTZJYS,Superstructure,Frame and Slab,Steel Column,S355,152 x 152 x 23 UC,,kg,32549.809,EM6D628  KIV
VRGRLRAFK,Superstructure,Frame and Slab,Steel Column,S355,5,,kg,10612.55,ACBGGC I 
790FTUBFA,Superstructure,Frame and Slab,Steel Column,S355,152 x 152 x 23 UC,,kg,1943.83,SRQPG35VZ  EC8CYFS
NA87QO9L,Superstructure,Frame and Slab,Steel Column,S355,152 x 152 x 23 UC,,kg,24069.0,J9XUJ9R X AM6PRD1
PBKS5VKK,Superstructure,Frame and Slab,Steel Column,S355,152 x 152 x 23 UC,,kg,15882.734,PWNMXDA3 S XUS0O7
HNJOYP1,Superstructure,Frame and Slab,Steel Column,S355,5,,kg,19046.6,QLA2ARTK W MOH1D
0OMVYF,Superstructure,Frame and Slab,Steel Column,S355,5,,kg,14533.6,P8LN03MVG  LKL312G
T8RKFSKU8,Superstructure,Frame and Slab,Steel Column,S355,152 x 152 x 23 UC,,kg,29101.0,7VX92RTZ 53 V9HJV0
ZEFX33,Superstructure,Frame and Slab,Steel Column,S355,152 x 152 x 23 UC,,kg,34079.7,H7WFPG D4 TP
38PUVOT,Superstructure,Frame and Slab,Steel Column,S355,152 x 152 x 23 UC,,kg,35219.0,Q4YA0KX 7 X7IJT
D1YUJMC31,Superstructure,Frame and Slab,Steel Column,S355,5,,kg,37619.993,6XQY92R3  DT6
BKJ9S41SF,Superstructure,Frame and Slab,Steel Staircase,BS4360 Grade 43A,152 x 152 x 23 UC,,kg,23425.7,LNRW0SQK 4 K
6TBFQMN7,Superstructure,Frame and Slab,Steel Staircase,BS4360 Grade 43A,5,,kg,36764.2,8SD91JXPT T JJ73
82XLYL,Superstructure,Frame and Slab,Steel Staircase,BS4360 Grade 43A,152 x 152 x 23 UC,,kg,24481.0,S2U7MRPK 9 MRKM
F9BJAY,Superstructure,Frame and Slab,Steel Staircase,BS4360 Grade 43A,5,,kg,17194.6,E54E9L4 BA VM2
JXEHJWAJ,Superstructure,Frame and Slab,Steel Staircase,BS4360 Grade 43A,5,,kg,25494.305,703FZ2UKT 1 7
PZ4ONH45,Superstructure,Frame and Slab,Steel Staircase,BS4360 Grade 43A,5,,kg,27373.0,5XY585UY UY VWABA9
TBMZATJR,Superstructure,Frame and Slab,Steel Staircase,BS4360 Grade 43A,152 x 152 x 23 UC,,kg,16663.11,B48E4CV  JE5
DGSM3XO,Superstructure,Frame and Slab,Steel Staircase,BS4360 Grade 43A,152 x 152 x 23 UC,,kg,4910.718,TODMPFLX 6I CC2W
ZSWN92WN,Superstructure,Frame and Slab,Steel Staircase,BS4360 Grade 43A,5,,kg,12539.196,XSQNNX1  PUE2P75
AVW3ZCL,Superstructure,Frame and Slab,Steel Staircase,BS4360 Grade 43A,5,,kg,19560.0,FLQDNCZ4 0 G
F8IHLU,Superstructure,Frame and Slab,Steel Staircase,BS4360 Grade 43A,5,,kg,25208.0,82ES8V J SW92
7AQIFJ,Superstructure,Frame and Slab,Steel Staircase,BS4360 Grade 43A,5,,kg,5214.331,AS0KZ8D  JL5ZU9
BKZ9FTYZ,Superstructure,Frame and Slab,Steel Staircase,BS4360 Grade 43A,152 x 152 x 23 UC,,kg,19692.0,O8KYASK 1Q 1K4RJ
OCK6QSE2,Superstructure,Frame and Slab,Steel Staircase,BS4360 Grade 43A,5,,kg,10488.721,MVRXC2D6  PB
GISZSEF,Superstructure,Frame and Slab,Steel Staircase,BS4360 Grade 43A,5,,kg,34840.0,BBB2KW  RIT2
87SRNS,Superstructure,Frame and Slab,Steel Staircase,BS4360 Grade 43A,152 x 152 x 23 UC,,kg,20141.0,4DKJ8Q5  15CV3
26R9O2ZL,Superstructure,Frame and Slab,Steel Staircase,BS4360 Grade 43A,5,,kg,39845.0,M6XLN252  J92FM47
5R32S5VCV,Superstructure,Frame and Slab,Steel Staircase,BS4360 Grade 43A,152 x 152 x 23 UC,,kg,4363.4,R3VUG2HG Y UUXSJL4
CCA6UFCD6,Superstructure,Frame and Slab,Steel Staircase,BS4360 Grade 43A,152 x 152 x 23 UC,,kg,34332.61,4FA0B59WB V QB3Q
MMPG0Q,Superstructure,Frame and Slab,Steel Staircase,EN 10025 S275,5,,kg,17666.11,0RQRRYZ2 6 89
4X0I2YUJ,Superstructure,Frame and Slab,Steel Staircase,EN 10025 S275,5,,kg,18696.0,MR3T7N6U 7 NLJ
QRG6XV,Superstructure,Frame and Slab,Steel Staircase,EN 10025 S275,152 x 152 x 23 UC,,kg,17288.395,HE0C84 JI GSM
4D9G26,Superstructure,Frame and Slab,Steel Staircase,EN 10025 S275,5,,kg,12969.612,LMN4J1ZWW T3 
8S3T5K,Superstructure,Frame and Slab,Steel Staircase,EN 10025 S275,152 x 152 x 23 UC,,kg,8329.1,EYFSHLP QG KJMHPJB
WZ9IGRP,Superstructure,Frame and Slab,Steel Staircase,EN 10025 S275,152 x 152 x 23 UC,,kg,2103.3,2SFKXGT 3 J8AB9
XXY0NW,Superstructure,Frame and Slab,Steel Staircase,EN 10025 S275,152 x 152 x 23 UC,,kg,3309.146,BKWAVZEZ  VAN3
D17AI30,Superstructure,Frame and Slab,Steel Staircase,EN 10025 S275,152 x 152 x 23 UC,,kg,27628.63,9PO7L8 O H
VC7YJF7C,Superstructure,Frame and Slab,Steel Staircase,EN 10025 S275,152 x 152 x 23 UC,,kg,31628.084,MSZB18XE VB B8A
61MF3V1C,Superstructure,Frame and Slab,Steel Staircase,EN 10025 S275,5,,kg,26916.441,049CBIN  IBH0
40O3VP,Superstructure,Frame and Slab,Steel Staircase,EN 10025 S275,152 x 152 x 23 UC,,kg,37898.1,9Q56RO9N1 HB TFB2K
0KNXGX,Superstructure,Frame and Slab,Steel Staircase,EN 10025 S275,5,,kg,12885.0,M6WVHTDU CN TVGD
HJP9SWLH,Superstructure,Frame and Slab,Steel Staircase,EN 10025 S275,5,,kg,7343.05,5LKD7Y0YX  
AZNPSD,Superstructure,Frame and Slab,Steel Staircase,EN 10025 S275,152 x 152 x 23 UC,,kg,38592.4,D8OURWP WN JT0
H2N80RG,Superstructure,Frame and Slab,Steel Staircase,EN 10025 S275,5,,kg,22898.2,EHIKSC  9KHVD
NMZ5IA0A,Superstructure,Frame and Slab,Steel Staircase,EN 10025 S275,152 x 152 x 23 UC,,kg,2401.12,Y5HAKF  5Z9
8BMLPJ6L,Superstructure,Frame and Slab,Steel Staircase,EN 10025 S275,5,,kg,6689.559,EOHM5R8G X8 A7GWF
MQJ55H,Superstructure,Frame and Slab,Steel Staircase,EN 10025 S275,152 x 152 x 23 UC,,kg,2344.397,1RMKU4 K 8F40
2DZFP80WB,Superstructure,Frame and Slab,Steel Staircase,EN 10025 S275,5,,kg,23678.6,WR7399SO 3U KZZMJSS
GP9JPF,Superstructure,Frame and Slab,Steel Staircase,EN 10025 S275,152 x 152 x 23 UC,,kg,38836.0,WKD7Z6S DU 5ZXHZ
2ZIMDB9,Superstructure,Frame and Slab,Steel Staircase,EN 10025 S275,5,,kg,2871.4,39YL8CZ 9K 
DQ8Z5P,Superstructure,Frame and Slab,Steel Staircase,EN 10025 S275,5,,kg,1967.67,F04ZT9 D 
TKDNLYNI,Superstructure,Frame and Slab,Steel Staircase,S355,152 x 152 x 23 UC,,kg,29977.667,JSU5G2L 18 LBUN0HE
WMZ6I2QNF,Superstructure,Frame and Slab,Steel Staircase,S355,5,,kg,17852.1,MCAD7TMU BF 7GMY
852YVB,Superstructure,Frame and Slab,Steel Staircase,S355,5,,kg,11243.414,235T28F  417CEF4
TUUVIDFMS,Superstructure,Frame and Slab,Steel Staircase,S355,152 x 152 x 23 UC,,kg,9404.8,PLNPXA E Y5
DYT07RF3C,Superstructure,Frame and Slab,Steel Staircase,S355,152 x 152 x 23 UC,,kg,4584.0,WDC2EQC0 J 
51H2G1,Superstructure,Frame and Slab,Steel Staircase,S355,5,,kg,6335.0,3C60R1SRB  9X7D5Y
WBBUBHT,Superstructure,Frame and Slab,Steel Staircase,S355,152 x 152 x 23 UC,,kg,22401.0,WCCJPVXV 1 8QM1
YI0X3P,Superstructure,Frame and Slab,Steel Staircase,S355,5,,kg,39824.1,M061NIXB B GNUW4JW
CWRXGIO,Superstructure,Frame and Slab,Steel Staircase,S355,152 x 152 x 23 UC,,kg,22587.0,VDHWX1D NI V04FE
9I7MPF,Superstructure,Frame and Slab,Steel Staircase,S355,5,,kg,27797.0,GIBTNJ 3K P0N
7ZTWJV9OW,Superstructure,Frame and Slab,Steel Staircase,S355,152 x 152 x 23 UC,,kg,28716.592,0MA329K  K42PSC
P1D4Z14ES,Superstructure,Frame and Slab,Steel Staircase,S355,152 x 152 x 23 UC,,kg,26501.84,VF9YVPD W7 RQ
AW9AO2B,Superstructure,Frame and Slab,Steel Staircase,S355,5,,kg,22720.0,WTU1QKMZX YD LNNP1
GOCPIC,Superstructure,Frame and Slab,Steel Staircase,S355,5,,kg,25187.0,JZSEF50U LK 
MKV1UMGV,Superstructure,Frame and Slab,Steel Staircase,S355,152 x 152 x 23 UC,,kg,18837.3,OU0FOTXI ET ZK2X
WQVDS0LC,Superstructure,Frame and Slab,Steel Staircase,S355,5,,kg,37718.727,2CXFUA 9E HLV0KO
145J327,Superstructure,Frame and Slab,Steel Staircase,S355,5,,kg,24195.627,AZ0RFDRJD QC 0S
6TWNRBD63,Superstructure,Frame and Slab,Steel Staircase,S355,5,,kg,29322.38,F2THDL  Y0V3KV
YG1AOKP,Superstructure,Frame and Slab,Steel Staircase,S355,152 x 152 x 23 UC,,kg,6356.72,L926SWD GR 
5XSQBFUD,Superstructure,Frame and Slab,Steel Staircase,S355,5,,kg,37534.5,I2K62NM3F F O24Y
NCP5WYO1,Superstructure,Frame and Slab,Steel Staircase,S355,5,,kg,31733.3,2AZ5R4C W UKKE
B47OAXQT,Superstructure,Frame and Slab,Steel Staircase,S355,5,,kg,33090.0,FNT55PSJC 2 DFNL
XYG6TD1,Superstructure,Frame and Slab,Steel Staircase,S355,5,,kg,27463.0,Y7XRUMCJ M9 C0L7
ICK6GBX,Superstructure,Frame and Slab,Steel Staircase,S355,152 x 152 x 23 UC,,kg,19658.722,2R69RSXJD O 
4WDSEVNI,Superstructure,Frame and Slab,Steel Staircase,S355,152 x 152 x 23 UC,,kg,39100.91,IL9JAJ6E6 A 7UNRGV0
2LWKW2FU,Superstructure,Frame and Slab,Steel Staircase,S355,152 x 152 x 23 UC,,kg,8311.0,WKNHJ6 LA 
43B5AZ,Superstructure,Frame and Slab,Steel Staircase,S355,152 x 152 x 23 UC,,kg,8471.8,MHAWQO8F4 T K
FAOFGOT,Superstructure,Frame and Slab,Structural Wall,Cast in-situ,G30,Lift Core Wall,m3,20294.0,JIFV3NCI  XQ306
3KQI6U,Superstructure,Frame and Slab,Structural Wall,Cast in-situ,G40,Lift Core Wall,m3,23197.7,3FBU78 XT 6EN0
TEJZDZ5HN,Superstructure,Frame and Slab,Structural Wall,Cast in-situ,G30,Lift Core Wall,m3,10682.4,ION0EBRB6  HCW56F8
I5G7BT0,Superstructure,Frame and Slab,Structural Wall,Cast in-situ,35,Lift Core Wall,m3,10300.59,SQGAIPLK3 WY IG7
LOAZRG6,Superstructure,Frame and Slab,Structural Wall,Cast in-situ,35,Parapet Wall,m3,3054.0,TVV1Z2S I X1XRCXY
GBS0S63,Superstructure,Frame and Slab,Structural Wall,Cast in-situ,G40,Parapet Wall,m3,25439.47,EC13BWM0 6 BPNU1
W9TMIP,Superstructure,Frame and Slab,Structural Wall,Cast in-situ,G30,Parapet Wall,m3,32937.7,YDBM65V 5C PUJ
1YPOSWZM,Superstructure,Frame and Slab,Structural Wall,Cast in-situ,G30,Planter Wall,m3,35238.0,WR9GAVGQ X DLQ8LO
IL89CN3,Superstructure,Frame and Slab,Structural Wall,Cast in-situ,G30,Ramp Wall,m3,14470.0,LSMKKIRA  H6U
JI8DXGVX,Superstructure,Frame and Slab,Structural Wall,Cast in-situ,35,Ramp Wall,m3,1855.0,J2A29W R IE8QPXL
T6LIRKOL,Superstructure,Frame and Slab,Structural Wall,Castinsitu,G40,Lift Core Wall,m3,6568.83,YSNR4B9 I9 MUVV3GC
8WVF4S4TX,Superstructure,Frame and Slab,Structural Wall,Castinsitu,G40,Lift Core Wall,m3,33182.89,YKJ7LVUY5  IZKX8IJ
J05INGAI,Superstructure,Frame and Slab,Structural Wall,Castinsitu,G40,Lift Core Wall,m3,36054.782,QHM2JO59 R8 3DCEVW
4C3Q8TA6,Superstructure,Frame and Slab,Structural Wall,Castinsitu,G30,Lift Core Wall,m3,30328.946,1LX5JVIF A HWQE
80TW7WDGS,Superstructure,Frame and Slab,Structural Wall,Castinsitu,G30,Lift Core Wall,m3,2727.5,7PDO3P14  
5D9T9E6,Superstructure,Frame and Slab,Structural Wall,Castinsitu,35,Lift Core Wall,m3,35161.99,KOT1DBV G V
34CKJ137H,Superstructure,Frame and Slab,Structural Wall,Castinsitu,G40,Lift Core Wall,m3,11428.6,K75LEP  RSGTW
3MKJ6V,Superstructure,Frame and Slab,Structural Wall,Castinsitu,G30,Lift Core Wall,m3,4152.0,T2KMBQ6C V BVSK
U8MM84SL,Superstructure,Frame and Slab,Structural Wall,Castinsitu,G30,Lift Core Wall,m3,13884.01,FPKG0QLG  
JRMZWT,Superstructure,Frame and Slab,Structural Wall,Castinsitu,35,Parapet Wall,m3,22428.72,JSFXLQ8 T YKL1
BM41WR25,Superstructure,Frame and Slab,Structural Wall,Castinsitu,35,Parapet Wall,m3,20565.48,NPMD9MCO  LDKD
VYH3JZ,Superstructure,Frame and Slab,Structural Wall,Castinsitu,G40,Parapet Wall,m3,7840.65,E9PKRQ RN IG1EU
VQ6F91GT,Superstructure,Frame and Slab,Structural Wall,Castinsitu,G30,Parapet Wall,m3,32614.7,878WHBQN 7 6OP0
29U6105Q,Superstructure,Frame and Slab,Structural Wall,Castinsitu,G30,Parapet Wall,m3,9346.0,U9N1OSY39 WI 7DO
8W6FFGZU,Superstructure,Frame and Slab,Structural Wall,Castinsitu,G40,Planter Wall,m3,12849.469,LYMQKXJ0K GZ SW27
OZ8EV6MI,Superstructure,Frame and Slab,Structural Wall,Castinsitu,35,Planter Wall,m3,28315.17,GJOTOEJL Q 4ZR16
9LZ49DFF7,Superstructure,Frame and Slab,Structural Wall,Castinsitu,35,Planter Wall,m3,26886.2,X0QNKWL41 P1 1I
UKTMRQ47,Superstructure,Frame and Slab,Structural Wall,Castinsitu,G40,Planter Wall,m3,26886.0,PSPQTCO  GCRT
CSKOOKWOS,Superstructure,Frame and Slab,Structural Wall,Castinsitu,35,Planter Wall,m3,22300.277,5Q455S4 B6 CLG
HYU74MF,Superstructure,Frame and Slab,Structural Wall,Castinsitu,G40,Planter Wall,m3,8025.82,30AY5O  
FDIVVRQ,Superstructure,Frame and Slab,Structural Wall,Castinsitu,35,Planter Wall,m3,13038.0,AL6M6WHM 23 HFPF9DS
8KOGNXAP,Superstructure,Frame and Slab,Structural Wall,Castinsitu,G30,Ramp Wall,m3,16227.538,ITM4BU82A  ICOC
WHJM7T6Q6,Superstructure,Frame and Slab,Structural Wall,Castinsitu,35,Ramp Wall,m3,22475.195,3GFFDP Y Z
NUSGJ3SU2,Superstructure,Frame and Slab,Structural Wall,Castinsitu,G40,Ramp Wall,m3,21288.0,S9TLAVLGP 2 2AKPV
7J1E7VA79,Superstructure,Frame and Slab,Structural Wall,Castinsitu,G30,Ramp Wall,m3,23376.596,C8G4TKA  OH9
VGA30Z,Superstructure,Frame and Slab,Structural Wall,Castinsitu,G40,Ramp Wall,m3,36591.27,FPYAIX YP PKC07T
UEB49S,Superstructure,Frame and Slab,Structural Wall,Castinsitu,35,Ramp Wall,m3,35775.5,EH95W3XM N0 ECH0S4
DDVJSXU0,Superstructure,Frame and Slab,Structural Wall,Precast,G40,Lift Core Wall,m3,4727.0,YMQ46Z1  PH
NVVXFF3,Superstructure,Frame and Slab,Structural Wall,Precast,G30,Lift Core Wall,m3,23218.6,IWR31I94P R SYQSJ
G1EB3GB,Superstructure,Frame and Slab,Structural Wall,Precast,G40,Lift Core Wall,m3,23886.4,PD6A3YIL  Y9Q
AFJY53JYT,Superstructure,Frame and Slab,Structural Wall,Precast,G30,Parapet Wall,m3,36559.959,39WC5EA M 
PVBMEY,Superstructure,Frame and Slab,Structural Wall,Precast,G30,Parapet Wall,m3,7727.808,E95DG6ZX 6 2IAE7
9NU9ITER,Superstructure,Frame and Slab,Structural Wall,Precast,G30,Parapet Wall,m3,35602.274,UIQ5TDKGH 0P H5NZN
ZE4JSVCKX,Superstructure,Frame and Slab,Structural Wall,Precast,G40,Planter Wall,m3,39430.94,DFMS4BMFT I 4
RCJUJJK,Superstructure,Frame and Slab,Structural Wall,Precast,G30,Planter Wall,m3,20685.0,KTRJ6HJ BS C7K
719R50I,Superstructure,Frame and Slab,Structural Wall,Precast,G40,Planter Wall,m3,39977.0,TSQWNR AF MT
I5X7YF,Superstructure,Frame and Slab,Structural Wall,Precast,G30,Planter Wall,m3,2984.8,E1ZMM6W 4S 
J5HROCJJ,Superstructure,Frame and Slab,Structural Wall,Precast,G30,Ramp Wall,m3,22865.3,U9TQ39YC 2P 8
JI84YFVXC,Superstructure,Frame and Slab,Structural Wall,Precast,G40,Ramp Wall,m3,30459.0,UDJ7IBS  F3V634
